FDATETIME,AREANAME,CUST_ID,CUST_NAME,AREA_ID,FSTREAMID,FDVC,FP,FT
2020-01-05 00:00:00,Jakarta,0110025451,"TOYOTA MOTOR MANUFACTURING INDONESIA, PT",011,1,0.0,4.8255,28.97
2020-01-05 01:00:00,Jakarta,0110025451,"TOYOTA MOTOR MANUFACTURING INDONESIA, PT",011,1,0.0,4.8315,28.75
2020-01-05 02:00:00,Jakarta,0110025451,"TOYOTA MOTOR MANUFACTURING INDONESIA, PT",011,1,0.0,4.8322,28.46
2020-01-05 03:00:00,Jakarta,0110025451,"TOYOTA MOTOR MANUFACTURING INDONESIA, PT",011,1,0.0,4.8273,28.1
2020-01-05 04:00:00,Jakarta,0110025451,"TOYOTA MOTOR MANUFACTURING INDONESIA, PT",011,1,0.0,4.8356,27.78
2020-01-05 05:00:00,Jakarta,0110025451,"TOYOTA MOTOR MANUFACTURING INDONESIA, PT",011,1,0.0,4.843,27.52
2020-01-05 06:00:00,Jakarta,0110025451,"TOYOTA MOTOR MANUFACTURING INDONESIA, PT",011,1,0.0,4.8534,27.35
2020-01-05 07:00:00,Jakarta,0110025451,"TOYOTA MOTOR MANUFACTURING INDONESIA, PT",011,1,0.0,4.8639,27.31
2020-01-05 08:00:00,Jakarta,0110025451,"TOYOTA MOTOR MANUFACTURING INDONESIA, PT",011,1,0.0,4.7913,27.09
2020-01-05 09:00:00,Jakarta,0110025451,"TOYOTA MOTOR MANUFACTURING INDONESIA, PT",011,1,0.0,4.7921,26.46
2020-01-05 10:00:00,Jakarta,0110025451,"TOYOTA MOTOR MANUFACTURING INDONESIA, PT",011,1,0.0,4.822,26.19
2020-01-05 11:00:00,Jakarta,0110025451,"TOYOTA MOTOR MANUFACTURING INDONESIA, PT",011,1,0.0,4.7755,26.08
2020-01-05 12:00:00,Jakarta,0110025451,"TOYOTA MOTOR MANUFACTURING INDONESIA, PT",011,1,0.0,4.9306,26.2
2020-01-05 13:00:00,Jakarta,0110025451,"TOYOTA MOTOR MANUFACTURING INDONESIA, PT",011,1,0.0,4.8572,26.68
2020-01-05 14:00:00,Jakarta,0110025451,"TOYOTA MOTOR MANUFACTURING INDONESIA, PT",011,1,0.0,4.808,27.4
2020-01-05 15:00:00,Jakarta,0110025451,"TOYOTA MOTOR MANUFACTURING INDONESIA, PT",011,1,0.0,4.7323,28.18
2020-01-05 16:00:00,Jakarta,0110025451,"TOYOTA MOTOR MANUFACTURING INDONESIA, PT",011,1,0.0,4.829,28.77
2020-01-05 17:00:00,Jakarta,0110025451,"TOYOTA MOTOR MANUFACTURING INDONESIA, PT",011,1,0.0,4.869,28.97
2020-01-05 18:00:00,Jakarta,0110025451,"TOYOTA MOTOR MANUFACTURING INDONESIA, PT",011,1,0.0,4.8206,28.97
2020-01-05 19:00:00,Jakarta,0110025451,"TOYOTA MOTOR MANUFACTURING INDONESIA, PT",011,1,0.0,4.8337,28.9
2020-01-05 20:00:00,Jakarta,0110025451,"TOYOTA MOTOR MANUFACTURING INDONESIA, PT",011,1,0.0,4.8686,28.71
2020-01-05 21:00:00,Jakarta,0110025451,"TOYOTA MOTOR MANUFACTURING INDONESIA, PT",011,1,0.0,4.8329,28.42
2020-01-05 22:00:00,Jakarta,0110025451,"TOYOTA MOTOR MANUFACTURING INDONESIA, PT",011,1,0.0,4.8572,28.13
2020-01-05 23:00:00,Jakarta,0110025451,"TOYOTA MOTOR MANUFACTURING INDONESIA, PT",011,1,0.0,4.8611,27.94
2020-01-06 00:00:00,Jakarta,0110025451,"TOYOTA MOTOR MANUFACTURING INDONESIA, PT",011,1,0.0,4.8376,27.76
2020-01-06 01:00:00,Jakarta,0110025451,"TOYOTA MOTOR MANUFACTURING INDONESIA, PT",011,1,0.0,4.8257,27.59
2020-01-06 02:00:00,Jakarta,0110025451,"TOYOTA MOTOR MANUFACTURING INDONESIA, PT",011,1,0.0,4.752,27.35
2020-01-06 03:00:00,Jakarta,0110025451,"TOYOTA MOTOR MANUFACTURING INDONESIA, PT",011,1,0.0,4.7464,27.13
2020-01-06 04:00:00,Jakarta,0110025451,"TOYOTA MOTOR MANUFACTURING INDONESIA, PT",011,1,0.0,4.7221,26.93
2020-01-06 05:00:00,Jakarta,0110025451,"TOYOTA MOTOR MANUFACTURING INDONESIA, PT",011,1,0.0,4.714,26.82
2020-01-06 06:00:00,Jakarta,0110025451,"TOYOTA MOTOR MANUFACTURING INDONESIA, PT",011,1,0.0,4.7209,26.62
2020-01-06 07:00:00,Jakarta,0110025451,"TOYOTA MOTOR MANUFACTURING INDONESIA, PT",011,1,31.77,4.7627,26.28
2020-01-06 08:00:00,Jakarta,0110025451,"TOYOTA MOTOR MANUFACTURING INDONESIA, PT",011,1,119.22,4.7424,25.89
2020-01-06 09:00:00,Jakarta,0110025451,"TOYOTA MOTOR MANUFACTURING INDONESIA, PT",011,1,123.65,4.7718,24.8
2020-01-06 10:00:00,Jakarta,0110025451,"TOYOTA MOTOR MANUFACTURING INDONESIA, PT",011,1,109.58,4.7745,25.31
2020-01-06 11:00:00,Jakarta,0110025451,"TOYOTA MOTOR MANUFACTURING INDONESIA, PT",011,1,119.04,4.7639,25.63
2020-01-06 12:00:00,Jakarta,0110025451,"TOYOTA MOTOR MANUFACTURING INDONESIA, PT",011,1,113.86,4.7815,26.11
2020-01-06 13:00:00,Jakarta,0110025451,"TOYOTA MOTOR MANUFACTURING INDONESIA, PT",011,1,118.39,4.7772,27.18
2020-01-06 14:00:00,Jakarta,0110025451,"TOYOTA MOTOR MANUFACTURING INDONESIA, PT",011,1,104.79,4.7825,27.63
2020-01-06 15:00:00,Jakarta,0110025451,"TOYOTA MOTOR MANUFACTURING INDONESIA, PT",011,1,104.88,4.7896,27.71
2020-01-06 16:00:00,Jakarta,0110025451,"TOYOTA MOTOR MANUFACTURING INDONESIA, PT",011,1,94.81,4.7906,27.48
2020-01-06 17:00:00,Jakarta,0110025451,"TOYOTA MOTOR MANUFACTURING INDONESIA, PT",011,1,49.79,4.7396,27.16
2020-01-06 18:00:00,Jakarta,0110025451,"TOYOTA MOTOR MANUFACTURING INDONESIA, PT",011,1,4.63,4.819,26.99
2020-01-06 19:00:00,Jakarta,0110025451,"TOYOTA MOTOR MANUFACTURING INDONESIA, PT",011,1,36.29,4.85,27.29
2020-01-06 20:00:00,Jakarta,0110025451,"TOYOTA MOTOR MANUFACTURING INDONESIA, PT",011,1,126.42,4.8376,26.94
2020-01-06 21:00:00,Jakarta,0110025451,"TOYOTA MOTOR MANUFACTURING INDONESIA, PT",011,1,123.32,4.7105,25.55
2020-01-06 22:00:00,Jakarta,0110025451,"TOYOTA MOTOR MANUFACTURING INDONESIA, PT",011,1,110.23,4.7622,25.29
2020-01-06 23:00:00,Jakarta,0110025451,"TOYOTA MOTOR MANUFACTURING INDONESIA, PT",011,1,110.99,4.7825,25.11
2020-01-07 00:00:00,Jakarta,0110025451,"TOYOTA MOTOR MANUFACTURING INDONESIA, PT",011,1,109.03,4.8131,24.97
2020-01-07 01:00:00,Jakarta,0110025451,"TOYOTA MOTOR MANUFACTURING INDONESIA, PT",011,1,110.0,4.734,24.91
2020-01-07 02:00:00,Jakarta,0110025451,"TOYOTA MOTOR MANUFACTURING INDONESIA, PT",011,1,114.72,4.7745,24.88
2020-01-07 03:00:00,Jakarta,0110025451,"TOYOTA MOTOR MANUFACTURING INDONESIA, PT",011,1,111.05,4.7738,24.8
2020-01-07 04:00:00,Jakarta,0110025451,"TOYOTA MOTOR MANUFACTURING INDONESIA, PT",011,1,91.28,4.8136,24.75
2020-01-07 05:00:00,Jakarta,0110025451,"TOYOTA MOTOR MANUFACTURING INDONESIA, PT",011,1,86.77,4.7478,24.69
2020-01-07 06:00:00,Jakarta,0110025451,"TOYOTA MOTOR MANUFACTURING INDONESIA, PT",011,1,18.48,4.7486,24.49
2020-01-07 07:00:00,Jakarta,0110025451,"TOYOTA MOTOR MANUFACTURING INDONESIA, PT",011,1,105.45,4.8065,24.63
2020-01-07 08:00:00,Jakarta,0110025451,"TOYOTA MOTOR MANUFACTURING INDONESIA, PT",011,1,113.71,4.7568,24.27
2020-01-07 09:00:00,Jakarta,0110025451,"TOYOTA MOTOR MANUFACTURING INDONESIA, PT",011,1,119.14,4.7347,24.97
2020-01-07 10:00:00,Jakarta,0110025451,"TOYOTA MOTOR MANUFACTURING INDONESIA, PT",011,1,109.68,4.7894,25.96
2020-01-07 11:00:00,Jakarta,0110025451,"TOYOTA MOTOR MANUFACTURING INDONESIA, PT",011,1,108.77,4.7889,26.82
2020-01-07 12:00:00,Jakarta,0110025451,"TOYOTA MOTOR MANUFACTURING INDONESIA, PT",011,1,112.49,4.7636,27.36
2020-01-07 13:00:00,Jakarta,0110025451,"TOYOTA MOTOR MANUFACTURING INDONESIA, PT",011,1,113.12,4.729,27.76
2020-01-07 14:00:00,Jakarta,0110025451,"TOYOTA MOTOR MANUFACTURING INDONESIA, PT",011,1,109.89,4.7532,27.52
2020-01-07 15:00:00,Jakarta,0110025451,"TOYOTA MOTOR MANUFACTURING INDONESIA, PT",011,1,104.97,4.8032,27.16
2020-01-07 16:00:00,Jakarta,0110025451,"TOYOTA MOTOR MANUFACTURING INDONESIA, PT",011,1,85.53,4.7728,26.39
2020-01-07 17:00:00,Jakarta,0110025451,"TOYOTA MOTOR MANUFACTURING INDONESIA, PT",011,1,45.51,4.7142,26.34
2020-01-07 18:00:00,Jakarta,0110025451,"TOYOTA MOTOR MANUFACTURING INDONESIA, PT",011,1,0.0,4.8893,26.67
2020-01-07 19:00:00,Jakarta,0110025451,"TOYOTA MOTOR MANUFACTURING INDONESIA, PT",011,1,9.31,4.8663,27.39
2020-01-07 20:00:00,Jakarta,0110025451,"TOYOTA MOTOR MANUFACTURING INDONESIA, PT",011,1,50.44,4.9208,27.44
2020-01-07 21:00:00,Jakarta,0110025451,"TOYOTA MOTOR MANUFACTURING INDONESIA, PT",011,1,140.91,4.8448,26.91
2020-01-07 22:00:00,Jakarta,0110025451,"TOYOTA MOTOR MANUFACTURING INDONESIA, PT",011,1,142.02,4.7349,25.41
2020-01-07 23:00:00,Jakarta,0110025451,"TOYOTA MOTOR MANUFACTURING INDONESIA, PT",011,1,110.76,4.7693,25.16
2020-01-08 00:00:00,Jakarta,0110025451,"TOYOTA MOTOR MANUFACTURING INDONESIA, PT",011,1,120.05,4.806,25.2
2020-01-08 01:00:00,Jakarta,0110025451,"TOYOTA MOTOR MANUFACTURING INDONESIA, PT",011,1,132.4,4.8094,25.11
2020-01-08 02:00:00,Jakarta,0110025451,"TOYOTA MOTOR MANUFACTURING INDONESIA, PT",011,1,142.14,4.76,24.94
2020-01-08 03:00:00,Jakarta,0110025451,"TOYOTA MOTOR MANUFACTURING INDONESIA, PT",011,1,120.35,4.7688,24.79
2020-01-08 04:00:00,Jakarta,0110025451,"TOYOTA MOTOR MANUFACTURING INDONESIA, PT",011,1,102.21,4.8146,24.84
2020-01-08 05:00:00,Jakarta,0110025451,"TOYOTA MOTOR MANUFACTURING INDONESIA, PT",011,1,100.36,4.8297,24.85
2020-01-08 06:00:00,Jakarta,0110025451,"TOYOTA MOTOR MANUFACTURING INDONESIA, PT",011,1,100.26,4.749,24.74
2020-01-08 07:00:00,Jakarta,0110025451,"TOYOTA MOTOR MANUFACTURING INDONESIA, PT",011,1,100.47,4.7374,24.69
2020-01-08 08:00:00,Jakarta,0110025451,"TOYOTA MOTOR MANUFACTURING INDONESIA, PT",011,1,131.73,4.761,25.12
2020-01-08 09:00:00,Jakarta,0110025451,"TOYOTA MOTOR MANUFACTURING INDONESIA, PT",011,1,143.72,4.7523,25.9
2020-01-08 10:00:00,Jakarta,0110025451,"TOYOTA MOTOR MANUFACTURING INDONESIA, PT",011,1,126.99,4.7088,26.77
2020-01-08 11:00:00,Jakarta,0110025451,"TOYOTA MOTOR MANUFACTURING INDONESIA, PT",011,1,110.11,4.758,27.27
2020-01-08 12:00:00,Jakarta,0110025451,"TOYOTA MOTOR MANUFACTURING INDONESIA, PT",011,1,109.2,4.8161,27.48
2020-01-08 13:00:00,Jakarta,0110025451,"TOYOTA MOTOR MANUFACTURING INDONESIA, PT",011,1,114.62,4.7767,27.66
2020-01-08 14:00:00,Jakarta,0110025451,"TOYOTA MOTOR MANUFACTURING INDONESIA, PT",011,1,100.18,4.7966,27.34
2020-01-08 15:00:00,Jakarta,0110025451,"TOYOTA MOTOR MANUFACTURING INDONESIA, PT",011,1,121.44,4.7758,27.37
2020-01-08 16:00:00,Jakarta,0110025451,"TOYOTA MOTOR MANUFACTURING INDONESIA, PT",011,1,78.1,4.7263,27.33
2020-01-08 17:00:00,Jakarta,0110025451,"TOYOTA MOTOR MANUFACTURING INDONESIA, PT",011,1,0.0,4.8043,27.41
2020-01-08 18:00:00,Jakarta,0110025451,"TOYOTA MOTOR MANUFACTURING INDONESIA, PT",011,1,0.0,5.1842,28.11
2020-01-08 19:00:00,Jakarta,0110025451,"TOYOTA MOTOR MANUFACTURING INDONESIA, PT",011,1,9.06,5.5185,28.38
2020-01-08 20:00:00,Jakarta,0110025451,"TOYOTA MOTOR MANUFACTURING INDONESIA, PT",011,1,49.56,4.9625,28.35
2020-01-08 21:00:00,Jakarta,0110025451,"TOYOTA MOTOR MANUFACTURING INDONESIA, PT",011,1,126.94,4.7485,27.86
2020-01-08 22:00:00,Jakarta,0110025451,"TOYOTA MOTOR MANUFACTURING INDONESIA, PT",011,1,150.46,4.7384,26.27
2020-01-08 23:00:00,Jakarta,0110025451,"TOYOTA MOTOR MANUFACTURING INDONESIA, PT",011,1,150.32,4.7553,25.78
2020-01-09 00:00:00,Jakarta,0110025451,"TOYOTA MOTOR MANUFACTURING INDONESIA, PT",011,1,137.99,4.7513,25.58
2020-01-09 01:00:00,Jakarta,0110025451,"TOYOTA MOTOR MANUFACTURING INDONESIA, PT",011,1,123.14,4.796,25.51
2020-01-09 02:00:00,Jakarta,0110025451,"TOYOTA MOTOR MANUFACTURING INDONESIA, PT",011,1,114.42,4.7548,25.28
2020-01-09 03:00:00,Jakarta,0110025451,"TOYOTA MOTOR MANUFACTURING INDONESIA, PT",011,1,114.93,4.7604,24.82
2020-01-09 04:00:00,Jakarta,0110025451,"TOYOTA MOTOR MANUFACTURING INDONESIA, PT",011,1,110.41,4.7807,24.59
2020-01-09 05:00:00,Jakarta,0110025451,"TOYOTA MOTOR MANUFACTURING INDONESIA, PT",011,1,92.13,4.7793,24.53
2020-01-09 06:00:00,Jakarta,0110025451,"TOYOTA MOTOR MANUFACTURING INDONESIA, PT",011,1,36.85,4.7973,24.22
2020-01-09 07:00:00,Jakarta,0110025451,"TOYOTA MOTOR MANUFACTURING INDONESIA, PT",011,1,141.05,4.784,24.59
2020-01-09 08:00:00,Jakarta,0110025451,"TOYOTA MOTOR MANUFACTURING INDONESIA, PT",011,1,156.79,4.7265,24.31
2020-01-09 09:00:00,Jakarta,0110025451,"TOYOTA MOTOR MANUFACTURING INDONESIA, PT",011,1,119.34,4.7835,24.1
2020-01-09 10:00:00,Jakarta,0110025451,"TOYOTA MOTOR MANUFACTURING INDONESIA, PT",011,1,120.0,4.7728,24.33
2020-01-09 11:00:00,Jakarta,0110025451,"TOYOTA MOTOR MANUFACTURING INDONESIA, PT",011,1,106.57,4.8007,24.71
2020-01-09 12:00:00,Jakarta,0110025451,"TOYOTA MOTOR MANUFACTURING INDONESIA, PT",011,1,109.57,4.8273,25.14
2020-01-09 13:00:00,Jakarta,0110025451,"TOYOTA MOTOR MANUFACTURING INDONESIA, PT",011,1,105.54,4.7634,25.62
2020-01-09 14:00:00,Jakarta,0110025451,"TOYOTA MOTOR MANUFACTURING INDONESIA, PT",011,1,106.04,4.7839,25.79
2020-01-09 15:00:00,Jakarta,0110025451,"TOYOTA MOTOR MANUFACTURING INDONESIA, PT",011,1,128.23,4.8245,26.19
2020-01-09 16:00:00,Jakarta,0110025451,"TOYOTA MOTOR MANUFACTURING INDONESIA, PT",011,1,69.21,4.7911,26.48
2020-01-09 17:00:00,Jakarta,0110025451,"TOYOTA MOTOR MANUFACTURING INDONESIA, PT",011,1,28.08,4.8325,26.81
2020-01-09 18:00:00,Jakarta,0110025451,"TOYOTA MOTOR MANUFACTURING INDONESIA, PT",011,1,0.0,4.9388,27.28
2020-01-09 19:00:00,Jakarta,0110025451,"TOYOTA MOTOR MANUFACTURING INDONESIA, PT",011,1,4.67,5.0566,27.66
2020-01-09 20:00:00,Jakarta,0110025451,"TOYOTA MOTOR MANUFACTURING INDONESIA, PT",011,1,36.48,5.0568,27.72
2020-01-09 21:00:00,Jakarta,0110025451,"TOYOTA MOTOR MANUFACTURING INDONESIA, PT",011,1,123.44,4.8245,27.33
2020-01-09 22:00:00,Jakarta,0110025451,"TOYOTA MOTOR MANUFACTURING INDONESIA, PT",011,1,132.92,4.7716,25.77
2020-01-09 23:00:00,Jakarta,0110025451,"TOYOTA MOTOR MANUFACTURING INDONESIA, PT",011,1,152.75,4.7728,25.27
2020-01-10 00:00:00,Jakarta,0110025451,"TOYOTA MOTOR MANUFACTURING INDONESIA, PT",011,1,138.29,4.8131,24.94
2020-01-10 01:00:00,Jakarta,0110025451,"TOYOTA MOTOR MANUFACTURING INDONESIA, PT",011,1,155.35,4.7924,24.73
2020-01-10 02:00:00,Jakarta,0110025451,"TOYOTA MOTOR MANUFACTURING INDONESIA, PT",011,1,128.86,4.7427,24.06
2020-01-10 03:00:00,Jakarta,0110025451,"TOYOTA MOTOR MANUFACTURING INDONESIA, PT",011,1,120.38,4.7676,23.6
2020-01-10 04:00:00,Jakarta,0110025451,"TOYOTA MOTOR MANUFACTURING INDONESIA, PT",011,1,102.88,4.7908,23.36
2020-01-10 05:00:00,Jakarta,0110025451,"TOYOTA MOTOR MANUFACTURING INDONESIA, PT",011,1,98.53,4.8354,23.14
2020-01-10 06:00:00,Jakarta,0110025451,"TOYOTA MOTOR MANUFACTURING INDONESIA, PT",011,1,13.9,4.8475,23.0
2020-01-10 07:00:00,Jakarta,0110025451,"TOYOTA MOTOR MANUFACTURING INDONESIA, PT",011,1,110.82,4.822,23.44
2020-01-10 08:00:00,Jakarta,0110025451,"TOYOTA MOTOR MANUFACTURING INDONESIA, PT",011,1,124.99,4.7805,23.19
2020-01-10 09:00:00,Jakarta,0110025451,"TOYOTA MOTOR MANUFACTURING INDONESIA, PT",011,1,105.92,4.7872,23.33
2020-01-10 10:00:00,Jakarta,0110025451,"TOYOTA MOTOR MANUFACTURING INDONESIA, PT",011,1,118.9,4.7866,24.01
2020-01-10 11:00:00,Jakarta,0110025451,"TOYOTA MOTOR MANUFACTURING INDONESIA, PT",011,1,101.92,4.7547,24.67
2020-01-10 12:00:00,Jakarta,0110025451,"TOYOTA MOTOR MANUFACTURING INDONESIA, PT",011,1,103.81,4.8163,25.23
2020-01-10 13:00:00,Jakarta,0110025451,"TOYOTA MOTOR MANUFACTURING INDONESIA, PT",011,1,105.54,4.7088,25.61
2020-01-10 14:00:00,Jakarta,0110025451,"TOYOTA MOTOR MANUFACTURING INDONESIA, PT",011,1,100.41,4.7855,25.61
2020-01-10 15:00:00,Jakarta,0110025451,"TOYOTA MOTOR MANUFACTURING INDONESIA, PT",011,1,101.02,4.7701,25.56
2020-01-10 16:00:00,Jakarta,0110025451,"TOYOTA MOTOR MANUFACTURING INDONESIA, PT",011,1,92.88,4.8035,25.52
2020-01-10 17:00:00,Jakarta,0110025451,"TOYOTA MOTOR MANUFACTURING INDONESIA, PT",011,1,96.4,4.8423,25.4
2020-01-10 18:00:00,Jakarta,0110025451,"TOYOTA MOTOR MANUFACTURING INDONESIA, PT",011,1,4.83,4.7803,25.13
2020-01-10 19:00:00,Jakarta,0110025451,"TOYOTA MOTOR MANUFACTURING INDONESIA, PT",011,1,4.7,5.0786,25.5
2020-01-10 20:00:00,Jakarta,0110025451,"TOYOTA MOTOR MANUFACTURING INDONESIA, PT",011,1,41.27,4.8861,25.62
2020-01-10 21:00:00,Jakarta,0110025451,"TOYOTA MOTOR MANUFACTURING INDONESIA, PT",011,1,115.21,4.825,24.9
2020-01-10 22:00:00,Jakarta,0110025451,"TOYOTA MOTOR MANUFACTURING INDONESIA, PT",011,1,111.04,4.773,23.53
2020-01-10 23:00:00,Jakarta,0110025451,"TOYOTA MOTOR MANUFACTURING INDONESIA, PT",011,1,111.66,4.7861,23.25
2020-01-11 00:00:00,Jakarta,0110025451,"TOYOTA MOTOR MANUFACTURING INDONESIA, PT",011,1,101.98,4.8112,23.2
2020-01-11 01:00:00,Jakarta,0110025451,"TOYOTA MOTOR MANUFACTURING INDONESIA, PT",011,1,96.53,4.7933,23.26
2020-01-11 02:00:00,Jakarta,0110025451,"TOYOTA MOTOR MANUFACTURING INDONESIA, PT",011,1,88.16,4.748,23.32
2020-01-11 03:00:00,Jakarta,0110025451,"TOYOTA MOTOR MANUFACTURING INDONESIA, PT",011,1,84.53,4.8002,23.37
2020-01-11 04:00:00,Jakarta,0110025451,"TOYOTA MOTOR MANUFACTURING INDONESIA, PT",011,1,47.41,4.8693,23.37
2020-01-11 05:00:00,Jakarta,0110025451,"TOYOTA MOTOR MANUFACTURING INDONESIA, PT",011,1,0.0,5.0471,23.44
2020-01-11 06:00:00,Jakarta,0110025451,"TOYOTA MOTOR MANUFACTURING INDONESIA, PT",011,1,0.0,5.5835,23.85
2020-01-11 07:00:00,Jakarta,0110025451,"TOYOTA MOTOR MANUFACTURING INDONESIA, PT",011,1,0.0,5.6426,24.1
2020-01-11 08:00:00,Jakarta,0110025451,"TOYOTA MOTOR MANUFACTURING INDONESIA, PT",011,1,0.0,5.6374,24.47
2020-01-11 09:00:00,Jakarta,0110025451,"TOYOTA MOTOR MANUFACTURING INDONESIA, PT",011,1,0.0,5.6266,25.1
2020-01-11 10:00:00,Jakarta,0110025451,"TOYOTA MOTOR MANUFACTURING INDONESIA, PT",011,1,0.0,5.5995,25.75
2020-01-11 11:00:00,Jakarta,0110025451,"TOYOTA MOTOR MANUFACTURING INDONESIA, PT",011,1,0.0,5.5828,26.6
2020-01-11 12:00:00,Jakarta,0110025451,"TOYOTA MOTOR MANUFACTURING INDONESIA, PT",011,1,0.0,5.5516,27.39
2020-01-11 13:00:00,Jakarta,0110025451,"TOYOTA MOTOR MANUFACTURING INDONESIA, PT",011,1,0.0,5.4987,27.65
2020-01-11 14:00:00,Jakarta,0110025451,"TOYOTA MOTOR MANUFACTURING INDONESIA, PT",011,1,0.0,5.1159,27.53
2020-01-11 15:00:00,Jakarta,0110025451,"TOYOTA MOTOR MANUFACTURING INDONESIA, PT",011,1,0.0,5.2268,27.88
2020-01-11 16:00:00,Jakarta,0110025451,"TOYOTA MOTOR MANUFACTURING INDONESIA, PT",011,1,0.0,5.4887,28.53
2020-01-11 17:00:00,Jakarta,0110025451,"TOYOTA MOTOR MANUFACTURING INDONESIA, PT",011,1,0.0,5.5189,29.02
2020-01-11 18:00:00,Jakarta,0110025451,"TOYOTA MOTOR MANUFACTURING INDONESIA, PT",011,1,0.0,5.4932,29.05
2020-01-11 19:00:00,Jakarta,0110025451,"TOYOTA MOTOR MANUFACTURING INDONESIA, PT",011,1,0.0,5.4751,28.85
2020-01-11 20:00:00,Jakarta,0110025451,"TOYOTA MOTOR MANUFACTURING INDONESIA, PT",011,1,0.0,5.4647,28.55
2020-01-11 21:00:00,Jakarta,0110025451,"TOYOTA MOTOR MANUFACTURING INDONESIA, PT",011,1,0.0,5.4566,28.21
2020-01-11 22:00:00,Jakarta,0110025451,"TOYOTA MOTOR MANUFACTURING INDONESIA, PT",011,1,0.0,5.4548,27.92
2020-01-11 23:00:00,Jakarta,0110025451,"TOYOTA MOTOR MANUFACTURING INDONESIA, PT",011,1,0.0,5.4526,27.67
2020-01-12 00:00:00,Jakarta,0110025451,"TOYOTA MOTOR MANUFACTURING INDONESIA, PT",011,1,0.0,5.4464,27.46
2020-01-12 01:00:00,Jakarta,0110025451,"TOYOTA MOTOR MANUFACTURING INDONESIA, PT",011,1,0.0,5.4375,27.31
2020-01-12 02:00:00,Jakarta,0110025451,"TOYOTA MOTOR MANUFACTURING INDONESIA, PT",011,1,0.0,5.4239,27.13
2020-01-12 03:00:00,Jakarta,0110025451,"TOYOTA MOTOR MANUFACTURING INDONESIA, PT",011,1,0.0,5.4073,26.91
2020-01-12 04:00:00,Jakarta,0110025451,"TOYOTA MOTOR MANUFACTURING INDONESIA, PT",011,1,0.0,5.3977,26.69
2020-01-12 05:00:00,Jakarta,0110025451,"TOYOTA MOTOR MANUFACTURING INDONESIA, PT",011,1,0.0,5.3898,26.53
2020-01-12 06:00:00,Jakarta,0110025451,"TOYOTA MOTOR MANUFACTURING INDONESIA, PT",011,1,0.0,5.3759,26.37
2020-01-12 07:00:00,Jakarta,0110025451,"TOYOTA MOTOR MANUFACTURING INDONESIA, PT",011,1,0.0,5.3762,26.29
2020-01-12 08:00:00,Jakarta,0110025451,"TOYOTA MOTOR MANUFACTURING INDONESIA, PT",011,1,0.0,5.4096,26.5
2020-01-12 09:00:00,Jakarta,0110025451,"TOYOTA MOTOR MANUFACTURING INDONESIA, PT",011,1,0.0,5.4266,27.15
2020-01-12 10:00:00,Jakarta,0110025451,"TOYOTA MOTOR MANUFACTURING INDONESIA, PT",011,1,0.0,5.4066,28.1
2020-01-12 11:00:00,Jakarta,0110025451,"TOYOTA MOTOR MANUFACTURING INDONESIA, PT",011,1,0.0,5.3495,29.01
2020-01-12 12:00:00,Jakarta,0110025451,"TOYOTA MOTOR MANUFACTURING INDONESIA, PT",011,1,0.0,5.3039,29.73
2020-01-12 13:00:00,Jakarta,0110025451,"TOYOTA MOTOR MANUFACTURING INDONESIA, PT",011,1,0.0,5.2841,30.38
2020-01-12 14:00:00,Jakarta,0110025451,"TOYOTA MOTOR MANUFACTURING INDONESIA, PT",011,1,0.0,5.2307,30.93
2020-01-12 15:00:00,Jakarta,0110025451,"TOYOTA MOTOR MANUFACTURING INDONESIA, PT",011,1,0.0,5.1552,31.35
2020-01-12 16:00:00,Jakarta,0110025451,"TOYOTA MOTOR MANUFACTURING INDONESIA, PT",011,1,0.0,5.0549,31.57
2020-01-12 17:00:00,Jakarta,0110025451,"TOYOTA MOTOR MANUFACTURING INDONESIA, PT",011,1,0.0,4.9279,31.53
2020-01-12 18:00:00,Jakarta,0110025451,"TOYOTA MOTOR MANUFACTURING INDONESIA, PT",011,1,0.0,4.8176,31.25
2020-01-12 19:00:00,Jakarta,0110025451,"TOYOTA MOTOR MANUFACTURING INDONESIA, PT",011,1,0.0,4.7876,30.81
2020-01-12 20:00:00,Jakarta,0110025451,"TOYOTA MOTOR MANUFACTURING INDONESIA, PT",011,1,0.0,4.7921,30.33
2020-01-12 21:00:00,Jakarta,0110025451,"TOYOTA MOTOR MANUFACTURING INDONESIA, PT",011,1,0.0,4.8005,29.88
2020-01-12 22:00:00,Jakarta,0110025451,"TOYOTA MOTOR MANUFACTURING INDONESIA, PT",011,1,0.0,4.808,29.46
2020-01-12 23:00:00,Jakarta,0110025451,"TOYOTA MOTOR MANUFACTURING INDONESIA, PT",011,1,0.0,4.8218,29.02
2020-01-13 00:00:00,Jakarta,0110025451,"TOYOTA MOTOR MANUFACTURING INDONESIA, PT",011,1,0.0,4.852,28.62
2020-01-13 01:00:00,Jakarta,0110025451,"TOYOTA MOTOR MANUFACTURING INDONESIA, PT",011,1,0.0,4.869,28.27
2020-01-13 02:00:00,Jakarta,0110025451,"TOYOTA MOTOR MANUFACTURING INDONESIA, PT",011,1,0.0,4.8821,27.98
2020-01-13 03:00:00,Jakarta,0110025451,"TOYOTA MOTOR MANUFACTURING INDONESIA, PT",011,1,0.0,4.8995,27.75
2020-01-13 04:00:00,Jakarta,0110025451,"TOYOTA MOTOR MANUFACTURING INDONESIA, PT",011,1,0.0,4.914,27.61
2020-01-13 05:00:00,Jakarta,0110025451,"TOYOTA MOTOR MANUFACTURING INDONESIA, PT",011,1,0.0,4.919,27.47
2020-01-13 06:00:00,Jakarta,0110025451,"TOYOTA MOTOR MANUFACTURING INDONESIA, PT",011,1,0.0,4.9156,27.34
2020-01-13 07:00:00,Jakarta,0110025451,"TOYOTA MOTOR MANUFACTURING INDONESIA, PT",011,1,4.49,4.8752,27.19
2020-01-13 08:00:00,Jakarta,0110025451,"TOYOTA MOTOR MANUFACTURING INDONESIA, PT",011,1,87.65,4.8621,27.01
2020-01-13 09:00:00,Jakarta,0110025451,"TOYOTA MOTOR MANUFACTURING INDONESIA, PT",011,1,126.61,4.8406,26.31
2020-01-13 10:00:00,Jakarta,0110025451,"TOYOTA MOTOR MANUFACTURING INDONESIA, PT",011,1,125.87,4.7236,25.92
2020-01-13 11:00:00,Jakarta,0110025451,"TOYOTA MOTOR MANUFACTURING INDONESIA, PT",011,1,122.25,4.7107,26.75
2020-01-13 12:00:00,Jakarta,0110025451,"TOYOTA MOTOR MANUFACTURING INDONESIA, PT",011,1,114.47,4.7505,27.23
2020-01-13 13:00:00,Jakarta,0110025451,"TOYOTA MOTOR MANUFACTURING INDONESIA, PT",011,1,109.47,4.8015,27.15
2020-01-13 14:00:00,Jakarta,0110025451,"TOYOTA MOTOR MANUFACTURING INDONESIA, PT",011,1,99.89,4.7829,26.72
2020-01-13 15:00:00,Jakarta,0110025451,"TOYOTA MOTOR MANUFACTURING INDONESIA, PT",011,1,100.0,4.7642,27.35
2020-01-13 16:00:00,Jakarta,0110025451,"TOYOTA MOTOR MANUFACTURING INDONESIA, PT",011,1,50.58,4.7815,27.74
2020-01-13 17:00:00,Jakarta,0110025451,"TOYOTA MOTOR MANUFACTURING INDONESIA, PT",011,1,0.0,4.9786,27.83
2020-01-13 18:00:00,Jakarta,0110025451,"TOYOTA MOTOR MANUFACTURING INDONESIA, PT",011,1,0.0,5.3035,28.64
2020-01-13 19:00:00,Jakarta,0110025451,"TOYOTA MOTOR MANUFACTURING INDONESIA, PT",011,1,0.0,5.4445,28.78
2020-01-13 20:00:00,Jakarta,0110025451,"TOYOTA MOTOR MANUFACTURING INDONESIA, PT",011,1,31.86,4.8977,28.73
2020-01-13 21:00:00,Jakarta,0110025451,"TOYOTA MOTOR MANUFACTURING INDONESIA, PT",011,1,128.41,4.8124,28.45
2020-01-13 22:00:00,Jakarta,0110025451,"TOYOTA MOTOR MANUFACTURING INDONESIA, PT",011,1,123.43,4.7971,26.57
2020-01-13 23:00:00,Jakarta,0110025451,"TOYOTA MOTOR MANUFACTURING INDONESIA, PT",011,1,119.18,4.7773,25.86
2020-01-14 00:00:00,Jakarta,0110025451,"TOYOTA MOTOR MANUFACTURING INDONESIA, PT",011,1,119.2,4.7805,25.35
2020-01-14 01:00:00,Jakarta,0110025451,"TOYOTA MOTOR MANUFACTURING INDONESIA, PT",011,1,119.95,4.7822,25.05
2020-01-14 02:00:00,Jakarta,0110025451,"TOYOTA MOTOR MANUFACTURING INDONESIA, PT",011,1,111.3,4.7988,24.86
2020-01-14 03:00:00,Jakarta,0110025451,"TOYOTA MOTOR MANUFACTURING INDONESIA, PT",011,1,101.93,4.8205,24.77
2020-01-14 04:00:00,Jakarta,0110025451,"TOYOTA MOTOR MANUFACTURING INDONESIA, PT",011,1,92.4,4.8156,24.75
2020-01-14 05:00:00,Jakarta,0110025451,"TOYOTA MOTOR MANUFACTURING INDONESIA, PT",011,1,114.34,4.8032,24.74
2020-01-14 06:00:00,Jakarta,0110025451,"TOYOTA MOTOR MANUFACTURING INDONESIA, PT",011,1,106.88,4.752,24.66
2020-01-14 07:00:00,Jakarta,0110025451,"TOYOTA MOTOR MANUFACTURING INDONESIA, PT",011,1,118.49,4.8277,24.64
2020-01-14 08:00:00,Jakarta,0110025451,"TOYOTA MOTOR MANUFACTURING INDONESIA, PT",011,1,114.57,4.7441,25.06
2020-01-14 09:00:00,Jakarta,0110025451,"TOYOTA MOTOR MANUFACTURING INDONESIA, PT",011,1,114.72,4.7921,25.95
2020-01-14 10:00:00,Jakarta,0110025451,"TOYOTA MOTOR MANUFACTURING INDONESIA, PT",011,1,122.01,4.8055,26.61
2020-01-14 11:00:00,Jakarta,0110025451,"TOYOTA MOTOR MANUFACTURING INDONESIA, PT",011,1,90.64,4.7369,27.16
2020-01-14 12:00:00,Jakarta,0110025451,"TOYOTA MOTOR MANUFACTURING INDONESIA, PT",011,1,109.39,4.7731,27.86
2020-01-14 13:00:00,Jakarta,0110025451,"TOYOTA MOTOR MANUFACTURING INDONESIA, PT",011,1,108.18,4.8008,28.23
2020-01-14 14:00:00,Jakarta,0110025451,"TOYOTA MOTOR MANUFACTURING INDONESIA, PT",011,1,80.73,4.7518,28.65
2020-01-14 15:00:00,Jakarta,0110025451,"TOYOTA MOTOR MANUFACTURING INDONESIA, PT",011,1,94.51,4.7377,29.13
2020-01-14 16:00:00,Jakarta,0110025451,"TOYOTA MOTOR MANUFACTURING INDONESIA, PT",011,1,83.01,4.7562,29.01
2020-01-14 17:00:00,Jakarta,0110025451,"TOYOTA MOTOR MANUFACTURING INDONESIA, PT",011,1,55.53,4.8584,28.72
2020-01-14 18:00:00,Jakarta,0110025451,"TOYOTA MOTOR MANUFACTURING INDONESIA, PT",011,1,0.0,4.9489,28.54
2020-01-14 19:00:00,Jakarta,0110025451,"TOYOTA MOTOR MANUFACTURING INDONESIA, PT",011,1,0.0,5.3265,29.1
2020-01-14 20:00:00,Jakarta,0110025451,"TOYOTA MOTOR MANUFACTURING INDONESIA, PT",011,1,31.57,4.9833,28.98
2020-01-14 21:00:00,Jakarta,0110025451,"TOYOTA MOTOR MANUFACTURING INDONESIA, PT",011,1,126.93,4.8188,28.62
2020-01-14 22:00:00,Jakarta,0110025451,"TOYOTA MOTOR MANUFACTURING INDONESIA, PT",011,1,109.72,4.7409,26.8
2020-01-14 23:00:00,Jakarta,0110025451,"TOYOTA MOTOR MANUFACTURING INDONESIA, PT",011,1,118.13,4.7899,26.31
2020-01-15 00:00:00,Jakarta,0110025451,"TOYOTA MOTOR MANUFACTURING INDONESIA, PT",011,1,110.65,4.7538,26.16
2020-01-15 01:00:00,Jakarta,0110025451,"TOYOTA MOTOR MANUFACTURING INDONESIA, PT",011,1,120.07,4.8092,25.77
2020-01-15 02:00:00,Jakarta,0110025451,"TOYOTA MOTOR MANUFACTURING INDONESIA, PT",011,1,109.94,4.8005,24.63
2020-01-15 03:00:00,Jakarta,0110025451,"TOYOTA MOTOR MANUFACTURING INDONESIA, PT",011,1,124.29,4.759,24.24
2020-01-15 04:00:00,Jakarta,0110025451,"TOYOTA MOTOR MANUFACTURING INDONESIA, PT",011,1,125.51,4.7777,24.16
2020-01-15 05:00:00,Jakarta,0110025451,"TOYOTA MOTOR MANUFACTURING INDONESIA, PT",011,1,119.32,4.8231,24.14
2020-01-15 06:00:00,Jakarta,0110025451,"TOYOTA MOTOR MANUFACTURING INDONESIA, PT",011,1,105.81,4.761,24.17
2020-01-15 07:00:00,Jakarta,0110025451,"TOYOTA MOTOR MANUFACTURING INDONESIA, PT",011,1,110.59,4.781,24.24
2020-01-15 08:00:00,Jakarta,0110025451,"TOYOTA MOTOR MANUFACTURING INDONESIA, PT",011,1,127.75,4.7852,24.4
2020-01-15 09:00:00,Jakarta,0110025451,"TOYOTA MOTOR MANUFACTURING INDONESIA, PT",011,1,115.03,4.7458,24.85
2020-01-15 10:00:00,Jakarta,0110025451,"TOYOTA MOTOR MANUFACTURING INDONESIA, PT",011,1,119.39,4.7963,25.48
2020-01-15 11:00:00,Jakarta,0110025451,"TOYOTA MOTOR MANUFACTURING INDONESIA, PT",011,1,117.35,4.8015,26.4
2020-01-15 12:00:00,Jakarta,0110025451,"TOYOTA MOTOR MANUFACTURING INDONESIA, PT",011,1,116.83,4.7401,27.44
2020-01-15 13:00:00,Jakarta,0110025451,"TOYOTA MOTOR MANUFACTURING INDONESIA, PT",011,1,112.51,4.7354,28.32
2020-01-15 14:00:00,Jakarta,0110025451,"TOYOTA MOTOR MANUFACTURING INDONESIA, PT",011,1,120.06,4.7451,28.65
2020-01-15 15:00:00,Jakarta,0110025451,"TOYOTA MOTOR MANUFACTURING INDONESIA, PT",011,1,116.71,4.6892,28.52
2020-01-15 16:00:00,Jakarta,0110025451,"TOYOTA MOTOR MANUFACTURING INDONESIA, PT",011,1,36.49,4.7323,28.51
2020-01-15 17:00:00,Jakarta,0110025451,"TOYOTA MOTOR MANUFACTURING INDONESIA, PT",011,1,18.63,4.8248,28.92
2020-01-15 18:00:00,Jakarta,0110025451,"TOYOTA MOTOR MANUFACTURING INDONESIA, PT",011,1,0.0,4.9457,29.23
2020-01-15 19:00:00,Jakarta,0110025451,"TOYOTA MOTOR MANUFACTURING INDONESIA, PT",011,1,9.08,5.3277,29.39
2020-01-15 20:00:00,Jakarta,0110025451,"TOYOTA MOTOR MANUFACTURING INDONESIA, PT",011,1,36.3,4.9119,29.13
2020-01-15 21:00:00,Jakarta,0110025451,"TOYOTA MOTOR MANUFACTURING INDONESIA, PT",011,1,127.91,4.7738,28.51
2020-01-15 22:00:00,Jakarta,0110025451,"TOYOTA MOTOR MANUFACTURING INDONESIA, PT",011,1,123.42,4.7762,26.48
2020-01-15 23:00:00,Jakarta,0110025451,"TOYOTA MOTOR MANUFACTURING INDONESIA, PT",011,1,146.27,4.7756,25.89
2020-01-16 00:00:00,Jakarta,0110025451,"TOYOTA MOTOR MANUFACTURING INDONESIA, PT",011,1,142.74,4.7683,25.56
2020-01-16 01:00:00,Jakarta,0110025451,"TOYOTA MOTOR MANUFACTURING INDONESIA, PT",011,1,149.88,4.8002,25.38
2020-01-16 02:00:00,Jakarta,0110025451,"TOYOTA MOTOR MANUFACTURING INDONESIA, PT",011,1,138.08,4.7339,25.27
2020-01-16 03:00:00,Jakarta,0110025451,"TOYOTA MOTOR MANUFACTURING INDONESIA, PT",011,1,100.38,4.7968,25.24
2020-01-16 04:00:00,Jakarta,0110025451,"TOYOTA MOTOR MANUFACTURING INDONESIA, PT",011,1,96.05,4.7515,25.28
2020-01-16 05:00:00,Jakarta,0110025451,"TOYOTA MOTOR MANUFACTURING INDONESIA, PT",011,1,87.52,4.7758,25.29
2020-01-16 06:00:00,Jakarta,0110025451,"TOYOTA MOTOR MANUFACTURING INDONESIA, PT",011,1,27.61,4.8193,25.21
2020-01-16 07:00:00,Jakarta,0110025451,"TOYOTA MOTOR MANUFACTURING INDONESIA, PT",011,1,118.76,4.8294,25.65
2020-01-16 08:00:00,Jakarta,0110025451,"TOYOTA MOTOR MANUFACTURING INDONESIA, PT",011,1,127.01,4.7617,25.53
2020-01-16 09:00:00,Jakarta,0110025451,"TOYOTA MOTOR MANUFACTURING INDONESIA, PT",011,1,114.42,4.7315,26.14
2020-01-16 10:00:00,Jakarta,0110025451,"TOYOTA MOTOR MANUFACTURING INDONESIA, PT",011,1,122.71,4.7939,26.78
2020-01-16 11:00:00,Jakarta,0110025451,"TOYOTA MOTOR MANUFACTURING INDONESIA, PT",011,1,108.96,4.7649,27.12
2020-01-16 12:00:00,Jakarta,0110025451,"TOYOTA MOTOR MANUFACTURING INDONESIA, PT",011,1,126.6,4.7704,27.45
2020-01-16 13:00:00,Jakarta,0110025451,"TOYOTA MOTOR MANUFACTURING INDONESIA, PT",011,1,135.2,4.7563,28.02
2020-01-16 14:00:00,Jakarta,0110025451,"TOYOTA MOTOR MANUFACTURING INDONESIA, PT",011,1,126.22,4.7421,28.3
2020-01-16 15:00:00,Jakarta,0110025451,"TOYOTA MOTOR MANUFACTURING INDONESIA, PT",011,1,77.0,4.7466,28.5
2020-01-16 16:00:00,Jakarta,0110025451,"TOYOTA MOTOR MANUFACTURING INDONESIA, PT",011,1,27.2,4.7901,28.94
2020-01-16 17:00:00,Jakarta,0110025451,"TOYOTA MOTOR MANUFACTURING INDONESIA, PT",011,1,0.0,4.9129,29.38
2020-01-16 18:00:00,Jakarta,0110025451,"TOYOTA MOTOR MANUFACTURING INDONESIA, PT",011,1,0.0,4.8847,29.68
2020-01-16 19:00:00,Jakarta,0110025451,"TOYOTA MOTOR MANUFACTURING INDONESIA, PT",011,1,4.62,5.3237,29.37
2020-01-16 20:00:00,Jakarta,0110025451,"TOYOTA MOTOR MANUFACTURING INDONESIA, PT",011,1,68.39,4.8933,28.93
2020-01-16 21:00:00,Jakarta,0110025451,"TOYOTA MOTOR MANUFACTURING INDONESIA, PT",011,1,159.35,4.8028,27.77
2020-01-16 22:00:00,Jakarta,0110025451,"TOYOTA MOTOR MANUFACTURING INDONESIA, PT",011,1,146.89,4.7562,25.9
2020-01-16 23:00:00,Jakarta,0110025451,"TOYOTA MOTOR MANUFACTURING INDONESIA, PT",011,1,119.84,4.7879,25.52
2020-01-17 00:00:00,Jakarta,0110025451,"TOYOTA MOTOR MANUFACTURING INDONESIA, PT",011,1,115.42,4.8038,25.37
2020-01-17 01:00:00,Jakarta,0110025451,"TOYOTA MOTOR MANUFACTURING INDONESIA, PT",011,1,118.79,4.8112,25.28
2020-01-17 02:00:00,Jakarta,0110025451,"TOYOTA MOTOR MANUFACTURING INDONESIA, PT",011,1,115.35,4.7627,25.21
2020-01-17 03:00:00,Jakarta,0110025451,"TOYOTA MOTOR MANUFACTURING INDONESIA, PT",011,1,110.95,4.8074,25.1
2020-01-17 04:00:00,Jakarta,0110025451,"TOYOTA MOTOR MANUFACTURING INDONESIA, PT",011,1,124.22,4.8112,25.06
2020-01-17 05:00:00,Jakarta,0110025451,"TOYOTA MOTOR MANUFACTURING INDONESIA, PT",011,1,101.72,4.7854,24.93
2020-01-17 06:00:00,Jakarta,0110025451,"TOYOTA MOTOR MANUFACTURING INDONESIA, PT",011,1,36.98,4.8139,24.92
2020-01-17 07:00:00,Jakarta,0110025451,"TOYOTA MOTOR MANUFACTURING INDONESIA, PT",011,1,18.4,4.9368,25.21
2020-01-17 08:00:00,Jakarta,0110025451,"TOYOTA MOTOR MANUFACTURING INDONESIA, PT",011,1,13.64,4.9856,25.96
2020-01-17 09:00:00,Jakarta,0110025451,"TOYOTA MOTOR MANUFACTURING INDONESIA, PT",011,1,0.0,4.9504,26.89
2020-01-17 10:00:00,Jakarta,0110025451,"TOYOTA MOTOR MANUFACTURING INDONESIA, PT",011,1,0.0,5.5734,28.0
2020-01-17 11:00:00,Jakarta,0110025451,"TOYOTA MOTOR MANUFACTURING INDONESIA, PT",011,1,0.0,5.6322,29.13
2020-01-17 12:00:00,Jakarta,0110025451,"TOYOTA MOTOR MANUFACTURING INDONESIA, PT",011,1,0.0,5.5981,30.13
2020-01-17 13:00:00,Jakarta,0110025451,"TOYOTA MOTOR MANUFACTURING INDONESIA, PT",011,1,0.0,5.5659,30.95
2020-01-17 14:00:00,Jakarta,0110025451,"TOYOTA MOTOR MANUFACTURING INDONESIA, PT",011,1,8.8,5.5342,31.5
2020-01-17 15:00:00,Jakarta,0110025451,"TOYOTA MOTOR MANUFACTURING INDONESIA, PT",011,1,22.35,5.1451,31.76
2020-01-17 16:00:00,Jakarta,0110025451,"TOYOTA MOTOR MANUFACTURING INDONESIA, PT",011,1,27.07,4.7632,31.74
2020-01-17 17:00:00,Jakarta,0110025451,"TOYOTA MOTOR MANUFACTURING INDONESIA, PT",011,1,9.13,4.7956,31.17
2020-01-17 18:00:00,Jakarta,0110025451,"TOYOTA MOTOR MANUFACTURING INDONESIA, PT",011,1,0.0,5.0549,30.77
2020-01-17 19:00:00,Jakarta,0110025451,"TOYOTA MOTOR MANUFACTURING INDONESIA, PT",011,1,0.0,5.4729,30.57
2020-01-17 20:00:00,Jakarta,0110025451,"TOYOTA MOTOR MANUFACTURING INDONESIA, PT",011,1,0.0,5.579,30.26
2020-01-17 21:00:00,Jakarta,0110025451,"TOYOTA MOTOR MANUFACTURING INDONESIA, PT",011,1,0.0,5.5765,29.99
2020-01-17 22:00:00,Jakarta,0110025451,"TOYOTA MOTOR MANUFACTURING INDONESIA, PT",011,1,0.0,5.5624,29.79
2020-01-17 23:00:00,Jakarta,0110025451,"TOYOTA MOTOR MANUFACTURING INDONESIA, PT",011,1,22.92,5.5389,29.56
2020-01-18 00:00:00,Jakarta,0110025451,"TOYOTA MOTOR MANUFACTURING INDONESIA, PT",011,1,23.11,4.8717,28.48
2020-01-18 01:00:00,Jakarta,0110025451,"TOYOTA MOTOR MANUFACTURING INDONESIA, PT",011,1,23.02,4.847,27.31
2020-01-18 02:00:00,Jakarta,0110025451,"TOYOTA MOTOR MANUFACTURING INDONESIA, PT",011,1,22.96,4.8171,26.65
2020-01-18 03:00:00,Jakarta,0110025451,"TOYOTA MOTOR MANUFACTURING INDONESIA, PT",011,1,22.93,4.7978,26.24
2020-01-18 04:00:00,Jakarta,0110025451,"TOYOTA MOTOR MANUFACTURING INDONESIA, PT",011,1,22.94,4.7884,25.94
2020-01-18 05:00:00,Jakarta,0110025451,"TOYOTA MOTOR MANUFACTURING INDONESIA, PT",011,1,4.69,4.785,25.63
2020-01-18 06:00:00,Jakarta,0110025451,"TOYOTA MOTOR MANUFACTURING INDONESIA, PT",011,1,0.0,5.3185,25.74
2020-01-18 07:00:00,Jakarta,0110025451,"TOYOTA MOTOR MANUFACTURING INDONESIA, PT",011,1,0.0,5.6117,25.83
2020-01-18 08:00:00,Jakarta,0110025451,"TOYOTA MOTOR MANUFACTURING INDONESIA, PT",011,1,0.0,5.6231,25.77
2020-01-18 09:00:00,Jakarta,0110025451,"TOYOTA MOTOR MANUFACTURING INDONESIA, PT",011,1,0.0,5.6229,25.77
2020-01-18 10:00:00,Jakarta,0110025451,"TOYOTA MOTOR MANUFACTURING INDONESIA, PT",011,1,0.0,5.6164,25.97
2020-01-18 11:00:00,Jakarta,0110025451,"TOYOTA MOTOR MANUFACTURING INDONESIA, PT",011,1,0.0,5.6057,26.27
2020-01-18 12:00:00,Jakarta,0110025451,"TOYOTA MOTOR MANUFACTURING INDONESIA, PT",011,1,0.0,5.6218,27.16
2020-01-18 13:00:00,Jakarta,0110025451,"TOYOTA MOTOR MANUFACTURING INDONESIA, PT",011,1,0.0,5.5738,28.46
2020-01-18 14:00:00,Jakarta,0110025451,"TOYOTA MOTOR MANUFACTURING INDONESIA, PT",011,1,0.0,5.5377,29.54
2020-01-18 15:00:00,Jakarta,0110025451,"TOYOTA MOTOR MANUFACTURING INDONESIA, PT",011,1,0.0,5.5029,30.13
2020-01-18 16:00:00,Jakarta,0110025451,"TOYOTA MOTOR MANUFACTURING INDONESIA, PT",011,1,0.0,5.4982,30.52
2020-01-18 17:00:00,Jakarta,0110025451,"TOYOTA MOTOR MANUFACTURING INDONESIA, PT",011,1,0.0,5.4628,30.68
2020-01-18 18:00:00,Jakarta,0110025451,"TOYOTA MOTOR MANUFACTURING INDONESIA, PT",011,1,0.0,5.4428,30.56
2020-01-18 19:00:00,Jakarta,0110025451,"TOYOTA MOTOR MANUFACTURING INDONESIA, PT",011,1,0.0,5.4234,30.26
2020-01-18 20:00:00,Jakarta,0110025451,"TOYOTA MOTOR MANUFACTURING INDONESIA, PT",011,1,0.0,5.4173,29.82
2020-01-18 21:00:00,Jakarta,0110025451,"TOYOTA MOTOR MANUFACTURING INDONESIA, PT",011,1,0.0,5.4126,29.37
2020-01-18 22:00:00,Jakarta,0110025451,"TOYOTA MOTOR MANUFACTURING INDONESIA, PT",011,1,0.0,5.4081,28.94
2020-01-18 23:00:00,Jakarta,0110025451,"TOYOTA MOTOR MANUFACTURING INDONESIA, PT",011,1,0.0,5.4044,28.55
2020-01-19 00:00:00,Jakarta,0110025451,"TOYOTA MOTOR MANUFACTURING INDONESIA, PT",011,1,0.0,5.4016,28.18
2020-01-19 01:00:00,Jakarta,0110025451,"TOYOTA MOTOR MANUFACTURING INDONESIA, PT",011,1,0.0,5.3974,27.88
2020-01-19 02:00:00,Jakarta,0110025451,"TOYOTA MOTOR MANUFACTURING INDONESIA, PT",011,1,0.0,5.3891,27.56
2020-01-19 03:00:00,Jakarta,0110025451,"TOYOTA MOTOR MANUFACTURING INDONESIA, PT",011,1,0.0,5.3819,27.28
2020-01-19 04:00:00,Jakarta,0110025451,"TOYOTA MOTOR MANUFACTURING INDONESIA, PT",011,1,0.0,5.3762,27.0
2020-01-19 05:00:00,Jakarta,0110025451,"TOYOTA MOTOR MANUFACTURING INDONESIA, PT",011,1,0.0,5.373,26.75
2020-01-19 06:00:00,Jakarta,0110025451,"TOYOTA MOTOR MANUFACTURING INDONESIA, PT",011,1,0.0,5.366,26.55
2020-01-19 07:00:00,Jakarta,0110025451,"TOYOTA MOTOR MANUFACTURING INDONESIA, PT",011,1,0.0,5.3737,26.37
2020-01-19 08:00:00,Jakarta,0110025451,"TOYOTA MOTOR MANUFACTURING INDONESIA, PT",011,1,0.0,5.4068,26.56
2020-01-19 09:00:00,Jakarta,0110025451,"TOYOTA MOTOR MANUFACTURING INDONESIA, PT",011,1,0.0,5.4259,27.31
2020-01-19 10:00:00,Jakarta,0110025451,"TOYOTA MOTOR MANUFACTURING INDONESIA, PT",011,1,0.0,5.4153,28.32
2020-01-19 11:00:00,Jakarta,0110025451,"TOYOTA MOTOR MANUFACTURING INDONESIA, PT",011,1,0.0,5.3977,29.37
2020-01-19 12:00:00,Jakarta,0110025451,"TOYOTA MOTOR MANUFACTURING INDONESIA, PT",011,1,0.0,5.3566,30.38
2020-01-19 13:00:00,Jakarta,0110025451,"TOYOTA MOTOR MANUFACTURING INDONESIA, PT",011,1,0.0,5.2908,31.05
2020-01-19 14:00:00,Jakarta,0110025451,"TOYOTA MOTOR MANUFACTURING INDONESIA, PT",011,1,0.0,5.246,31.54
2020-01-19 15:00:00,Jakarta,0110025451,"TOYOTA MOTOR MANUFACTURING INDONESIA, PT",011,1,0.0,5.1745,31.91
2020-01-19 16:00:00,Jakarta,0110025451,"TOYOTA MOTOR MANUFACTURING INDONESIA, PT",011,1,0.0,5.0915,32.0
2020-01-19 17:00:00,Jakarta,0110025451,"TOYOTA MOTOR MANUFACTURING INDONESIA, PT",011,1,0.0,5.0053,31.97
2020-01-19 18:00:00,Jakarta,0110025451,"TOYOTA MOTOR MANUFACTURING INDONESIA, PT",011,1,0.0,4.9002,31.75
2020-01-19 19:00:00,Jakarta,0110025451,"TOYOTA MOTOR MANUFACTURING INDONESIA, PT",011,1,0.0,4.8067,31.23
2020-01-19 20:00:00,Jakarta,0110025451,"TOYOTA MOTOR MANUFACTURING INDONESIA, PT",011,1,0.0,4.7877,30.73
2020-01-19 21:00:00,Jakarta,0110025451,"TOYOTA MOTOR MANUFACTURING INDONESIA, PT",011,1,0.0,4.7975,30.3
2020-01-19 22:00:00,Jakarta,0110025451,"TOYOTA MOTOR MANUFACTURING INDONESIA, PT",011,1,0.0,4.8753,29.92
2020-01-19 23:00:00,Jakarta,0110025451,"TOYOTA MOTOR MANUFACTURING INDONESIA, PT",011,1,0.0,4.9539,29.68
2020-01-20 00:00:00,Jakarta,0110025451,"TOYOTA MOTOR MANUFACTURING INDONESIA, PT",011,1,0.0,5.0158,29.49
2020-01-20 01:00:00,Jakarta,0110025451,"TOYOTA MOTOR MANUFACTURING INDONESIA, PT",011,1,0.0,5.0675,29.31
2020-01-20 02:00:00,Jakarta,0110025451,"TOYOTA MOTOR MANUFACTURING INDONESIA, PT",011,1,0.0,5.1048,29.17
2020-01-20 03:00:00,Jakarta,0110025451,"TOYOTA MOTOR MANUFACTURING INDONESIA, PT",011,1,0.0,5.1259,28.96
2020-01-20 04:00:00,Jakarta,0110025451,"TOYOTA MOTOR MANUFACTURING INDONESIA, PT",011,1,0.0,5.1365,28.74
2020-01-20 05:00:00,Jakarta,0110025451,"TOYOTA MOTOR MANUFACTURING INDONESIA, PT",011,1,0.0,5.0984,28.46
2020-01-20 06:00:00,Jakarta,0110025451,"TOYOTA MOTOR MANUFACTURING INDONESIA, PT",011,1,0.0,5.0402,28.18
2020-01-20 07:00:00,Jakarta,0110025451,"TOYOTA MOTOR MANUFACTURING INDONESIA, PT",011,1,0.0,4.9818,28.03
2020-01-20 08:00:00,Jakarta,0110025451,"TOYOTA MOTOR MANUFACTURING INDONESIA, PT",011,1,100.98,4.7933,28.05
2020-01-20 09:00:00,Jakarta,0110025451,"TOYOTA MOTOR MANUFACTURING INDONESIA, PT",011,1,123.05,4.8084,27.04
2020-01-20 10:00:00,Jakarta,0110025451,"TOYOTA MOTOR MANUFACTURING INDONESIA, PT",011,1,126.18,4.7631,25.85
2020-01-20 11:00:00,Jakarta,0110025451,"TOYOTA MOTOR MANUFACTURING INDONESIA, PT",011,1,121.98,4.7088,25.91
2020-01-20 12:00:00,Jakarta,0110025451,"TOYOTA MOTOR MANUFACTURING INDONESIA, PT",011,1,113.01,4.7399,26.78
2020-01-20 13:00:00,Jakarta,0110025451,"TOYOTA MOTOR MANUFACTURING INDONESIA, PT",011,1,117.46,4.7466,27.08
2020-01-20 14:00:00,Jakarta,0110025451,"TOYOTA MOTOR MANUFACTURING INDONESIA, PT",011,1,117.33,4.7431,27.45
2020-01-20 15:00:00,Jakarta,0110025451,"TOYOTA MOTOR MANUFACTURING INDONESIA, PT",011,1,99.47,4.7458,27.68
2020-01-20 16:00:00,Jakarta,0110025451,"TOYOTA MOTOR MANUFACTURING INDONESIA, PT",011,1,31.98,4.7562,27.96
2020-01-20 17:00:00,Jakarta,0110025451,"TOYOTA MOTOR MANUFACTURING INDONESIA, PT",011,1,0.0,4.941,28.51
2020-01-20 18:00:00,Jakarta,0110025451,"TOYOTA MOTOR MANUFACTURING INDONESIA, PT",011,1,0.0,5.3322,29.25
2020-01-20 19:00:00,Jakarta,0110025451,"TOYOTA MOTOR MANUFACTURING INDONESIA, PT",011,1,13.75,5.587,29.33
2020-01-20 20:00:00,Jakarta,0110025451,"TOYOTA MOTOR MANUFACTURING INDONESIA, PT",011,1,40.68,5.0031,29.18
2020-01-20 21:00:00,Jakarta,0110025451,"TOYOTA MOTOR MANUFACTURING INDONESIA, PT",011,1,122.54,4.8319,28.64
2020-01-20 22:00:00,Jakarta,0110025451,"TOYOTA MOTOR MANUFACTURING INDONESIA, PT",011,1,118.54,4.7538,26.81
2020-01-20 23:00:00,Jakarta,0110025451,"TOYOTA MOTOR MANUFACTURING INDONESIA, PT",011,1,114.2,4.7735,26.35
2020-01-21 00:00:00,Jakarta,0110025451,"TOYOTA MOTOR MANUFACTURING INDONESIA, PT",011,1,106.0,4.7733,26.25
2020-01-21 01:00:00,Jakarta,0110025451,"TOYOTA MOTOR MANUFACTURING INDONESIA, PT",011,1,113.8,4.8099,26.1
2020-01-21 02:00:00,Jakarta,0110025451,"TOYOTA MOTOR MANUFACTURING INDONESIA, PT",011,1,113.53,4.7538,25.94
2020-01-21 03:00:00,Jakarta,0110025451,"TOYOTA MOTOR MANUFACTURING INDONESIA, PT",011,1,100.58,4.7434,25.79
2020-01-21 04:00:00,Jakarta,0110025451,"TOYOTA MOTOR MANUFACTURING INDONESIA, PT",011,1,105.86,4.7626,25.5
2020-01-21 05:00:00,Jakarta,0110025451,"TOYOTA MOTOR MANUFACTURING INDONESIA, PT",011,1,91.7,4.7923,25.14
2020-01-21 06:00:00,Jakarta,0110025451,"TOYOTA MOTOR MANUFACTURING INDONESIA, PT",011,1,100.44,4.7852,24.95
2020-01-21 07:00:00,Jakarta,0110025451,"TOYOTA MOTOR MANUFACTURING INDONESIA, PT",011,1,114.57,4.7516,24.89
2020-01-21 08:00:00,Jakarta,0110025451,"TOYOTA MOTOR MANUFACTURING INDONESIA, PT",011,1,91.73,4.7673,25.0
2020-01-21 09:00:00,Jakarta,0110025451,"TOYOTA MOTOR MANUFACTURING INDONESIA, PT",011,1,37.0,4.7944,25.65
2020-01-21 10:00:00,Jakarta,0110025451,"TOYOTA MOTOR MANUFACTURING INDONESIA, PT",011,1,117.78,4.8367,26.73
2020-01-21 11:00:00,Jakarta,0110025451,"TOYOTA MOTOR MANUFACTURING INDONESIA, PT",011,1,117.34,4.7548,27.18
2020-01-21 12:00:00,Jakarta,0110025451,"TOYOTA MOTOR MANUFACTURING INDONESIA, PT",011,1,113.19,4.7444,27.63
2020-01-21 13:00:00,Jakarta,0110025451,"TOYOTA MOTOR MANUFACTURING INDONESIA, PT",011,1,103.14,4.7694,28.35
2020-01-21 14:00:00,Jakarta,0110025451,"TOYOTA MOTOR MANUFACTURING INDONESIA, PT",011,1,103.4,4.7339,28.96
2020-01-21 15:00:00,Jakarta,0110025451,"TOYOTA MOTOR MANUFACTURING INDONESIA, PT",011,1,90.83,4.751,29.2
2020-01-21 16:00:00,Jakarta,0110025451,"TOYOTA MOTOR MANUFACTURING INDONESIA, PT",011,1,36.51,4.7961,28.99
2020-01-21 17:00:00,Jakarta,0110025451,"TOYOTA MOTOR MANUFACTURING INDONESIA, PT",011,1,0.0,4.9809,29.03
2020-01-21 18:00:00,Jakarta,0110025451,"TOYOTA MOTOR MANUFACTURING INDONESIA, PT",011,1,0.0,5.4715,29.65
2020-01-21 19:00:00,Jakarta,0110025451,"TOYOTA MOTOR MANUFACTURING INDONESIA, PT",011,1,9.1,5.5879,29.67
2020-01-21 20:00:00,Jakarta,0110025451,"TOYOTA MOTOR MANUFACTURING INDONESIA, PT",011,1,31.83,4.9472,29.41
2020-01-21 21:00:00,Jakarta,0110025451,"TOYOTA MOTOR MANUFACTURING INDONESIA, PT",011,1,127.38,4.8007,28.86
2020-01-21 22:00:00,Jakarta,0110025451,"TOYOTA MOTOR MANUFACTURING INDONESIA, PT",011,1,119.05,4.7716,27.01
2020-01-21 23:00:00,Jakarta,0110025451,"TOYOTA MOTOR MANUFACTURING INDONESIA, PT",011,1,114.62,4.7918,26.45
2020-01-22 00:00:00,Jakarta,0110025451,"TOYOTA MOTOR MANUFACTURING INDONESIA, PT",011,1,114.59,4.7928,26.2
2020-01-22 01:00:00,Jakarta,0110025451,"TOYOTA MOTOR MANUFACTURING INDONESIA, PT",011,1,118.38,4.7884,25.98
2020-01-22 02:00:00,Jakarta,0110025451,"TOYOTA MOTOR MANUFACTURING INDONESIA, PT",011,1,133.07,4.754,25.8
2020-01-22 03:00:00,Jakarta,0110025451,"TOYOTA MOTOR MANUFACTURING INDONESIA, PT",011,1,140.93,4.7835,25.59
2020-01-22 04:00:00,Jakarta,0110025451,"TOYOTA MOTOR MANUFACTURING INDONESIA, PT",011,1,132.95,4.7406,25.41
2020-01-22 05:00:00,Jakarta,0110025451,"TOYOTA MOTOR MANUFACTURING INDONESIA, PT",011,1,124.51,4.7807,25.32
2020-01-22 06:00:00,Jakarta,0110025451,"TOYOTA MOTOR MANUFACTURING INDONESIA, PT",011,1,105.95,4.799,25.26
2020-01-22 07:00:00,Jakarta,0110025451,"TOYOTA MOTOR MANUFACTURING INDONESIA, PT",011,1,110.22,4.8017,25.32
2020-01-22 08:00:00,Jakarta,0110025451,"TOYOTA MOTOR MANUFACTURING INDONESIA, PT",011,1,118.21,4.7913,25.83
2020-01-22 09:00:00,Jakarta,0110025451,"TOYOTA MOTOR MANUFACTURING INDONESIA, PT",011,1,113.47,4.7585,26.48
2020-01-22 10:00:00,Jakarta,0110025451,"TOYOTA MOTOR MANUFACTURING INDONESIA, PT",011,1,117.2,4.7666,27.29
2020-01-22 11:00:00,Jakarta,0110025451,"TOYOTA MOTOR MANUFACTURING INDONESIA, PT",011,1,135.45,4.7558,28.13
2020-01-22 12:00:00,Jakarta,0110025451,"TOYOTA MOTOR MANUFACTURING INDONESIA, PT",011,1,130.05,4.758,28.66
2020-01-22 13:00:00,Jakarta,0110025451,"TOYOTA MOTOR MANUFACTURING INDONESIA, PT",011,1,134.04,4.732,29.11
2020-01-22 14:00:00,Jakarta,0110025451,"TOYOTA MOTOR MANUFACTURING INDONESIA, PT",011,1,103.64,4.7203,29.48
2020-01-22 15:00:00,Jakarta,0110025451,"TOYOTA MOTOR MANUFACTURING INDONESIA, PT",011,1,99.35,4.7629,29.67
2020-01-22 16:00:00,Jakarta,0110025451,"TOYOTA MOTOR MANUFACTURING INDONESIA, PT",011,1,94.68,4.7812,29.53
2020-01-22 17:00:00,Jakarta,0110025451,"TOYOTA MOTOR MANUFACTURING INDONESIA, PT",011,1,26.98,4.7619,29.09
2020-01-22 18:00:00,Jakarta,0110025451,"TOYOTA MOTOR MANUFACTURING INDONESIA, PT",011,1,22.65,4.7652,29.21
2020-01-22 19:00:00,Jakarta,0110025451,"TOYOTA MOTOR MANUFACTURING INDONESIA, PT",011,1,9.23,4.8413,29.27
2020-01-22 20:00:00,Jakarta,0110025451,"TOYOTA MOTOR MANUFACTURING INDONESIA, PT",011,1,49.79,4.9751,29.23
2020-01-22 21:00:00,Jakarta,0110025451,"TOYOTA MOTOR MANUFACTURING INDONESIA, PT",011,1,127.8,4.7855,28.62
2020-01-22 22:00:00,Jakarta,0110025451,"TOYOTA MOTOR MANUFACTURING INDONESIA, PT",011,1,118.63,4.7832,27.03
2020-01-22 23:00:00,Jakarta,0110025451,"TOYOTA MOTOR MANUFACTURING INDONESIA, PT",011,1,123.54,4.7805,26.67
2020-01-23 00:00:00,Jakarta,0110025451,"TOYOTA MOTOR MANUFACTURING INDONESIA, PT",011,1,137.63,4.7788,26.45
2020-01-23 01:00:00,Jakarta,0110025451,"TOYOTA MOTOR MANUFACTURING INDONESIA, PT",011,1,145.17,4.7949,26.2
2020-01-23 02:00:00,Jakarta,0110025451,"TOYOTA MOTOR MANUFACTURING INDONESIA, PT",011,1,123.49,4.7429,26.12
2020-01-23 03:00:00,Jakarta,0110025451,"TOYOTA MOTOR MANUFACTURING INDONESIA, PT",011,1,110.33,4.7763,26.11
2020-01-23 04:00:00,Jakarta,0110025451,"TOYOTA MOTOR MANUFACTURING INDONESIA, PT",011,1,114.56,4.7995,26.12
2020-01-23 05:00:00,Jakarta,0110025451,"TOYOTA MOTOR MANUFACTURING INDONESIA, PT",011,1,138.18,4.78,25.8
2020-01-23 06:00:00,Jakarta,0110025451,"TOYOTA MOTOR MANUFACTURING INDONESIA, PT",011,1,115.04,4.8,25.16
2020-01-23 07:00:00,Jakarta,0110025451,"TOYOTA MOTOR MANUFACTURING INDONESIA, PT",011,1,114.43,4.7864,24.76
2020-01-23 08:00:00,Jakarta,0110025451,"TOYOTA MOTOR MANUFACTURING INDONESIA, PT",011,1,125.21,4.754,24.44
2020-01-23 09:00:00,Jakarta,0110025451,"TOYOTA MOTOR MANUFACTURING INDONESIA, PT",011,1,106.09,4.8134,24.33
2020-01-23 10:00:00,Jakarta,0110025451,"TOYOTA MOTOR MANUFACTURING INDONESIA, PT",011,1,119.78,4.7965,24.41
2020-01-23 11:00:00,Jakarta,0110025451,"TOYOTA MOTOR MANUFACTURING INDONESIA, PT",011,1,114.67,4.7946,24.68
2020-01-23 12:00:00,Jakarta,0110025451,"TOYOTA MOTOR MANUFACTURING INDONESIA, PT",011,1,95.63,4.78,25.1
2020-01-23 13:00:00,Jakarta,0110025451,"TOYOTA MOTOR MANUFACTURING INDONESIA, PT",011,1,122.58,4.7644,26.1
2020-01-23 14:00:00,Jakarta,0110025451,"TOYOTA MOTOR MANUFACTURING INDONESIA, PT",011,1,125.74,4.7609,26.73
2020-01-23 15:00:00,Jakarta,0110025451,"TOYOTA MOTOR MANUFACTURING INDONESIA, PT",011,1,126.78,4.7223,27.33
2020-01-23 16:00:00,Jakarta,0110025451,"TOYOTA MOTOR MANUFACTURING INDONESIA, PT",011,1,108.66,4.7597,27.62
2020-01-23 17:00:00,Jakarta,0110025451,"TOYOTA MOTOR MANUFACTURING INDONESIA, PT",011,1,22.41,4.7589,27.73
2020-01-23 18:00:00,Jakarta,0110025451,"TOYOTA MOTOR MANUFACTURING INDONESIA, PT",011,1,0.0,4.7901,28.35
2020-01-23 19:00:00,Jakarta,0110025451,"TOYOTA MOTOR MANUFACTURING INDONESIA, PT",011,1,9.12,5.5276,28.9
2020-01-23 20:00:00,Jakarta,0110025451,"TOYOTA MOTOR MANUFACTURING INDONESIA, PT",011,1,49.81,5.056,28.83
2020-01-23 21:00:00,Jakarta,0110025451,"TOYOTA MOTOR MANUFACTURING INDONESIA, PT",011,1,126.63,4.7815,28.25
2020-01-23 22:00:00,Jakarta,0110025451,"TOYOTA MOTOR MANUFACTURING INDONESIA, PT",011,1,127.41,4.7352,26.5
2020-01-23 23:00:00,Jakarta,0110025451,"TOYOTA MOTOR MANUFACTURING INDONESIA, PT",011,1,123.52,4.7537,25.99
2020-01-24 00:00:00,Jakarta,0110025451,"TOYOTA MOTOR MANUFACTURING INDONESIA, PT",011,1,110.55,4.7691,25.67
2020-01-24 01:00:00,Jakarta,0110025451,"TOYOTA MOTOR MANUFACTURING INDONESIA, PT",011,1,118.51,4.8072,25.51
2020-01-24 02:00:00,Jakarta,0110025451,"TOYOTA MOTOR MANUFACTURING INDONESIA, PT",011,1,119.13,4.7478,25.3
2020-01-24 03:00:00,Jakarta,0110025451,"TOYOTA MOTOR MANUFACTURING INDONESIA, PT",011,1,114.39,4.7743,25.23
2020-01-24 04:00:00,Jakarta,0110025451,"TOYOTA MOTOR MANUFACTURING INDONESIA, PT",011,1,96.09,4.7592,24.97
2020-01-24 05:00:00,Jakarta,0110025451,"TOYOTA MOTOR MANUFACTURING INDONESIA, PT",011,1,74.05,4.7639,24.89
2020-01-24 06:00:00,Jakarta,0110025451,"TOYOTA MOTOR MANUFACTURING INDONESIA, PT",011,1,14.04,4.8176,24.81
2020-01-24 07:00:00,Jakarta,0110025451,"TOYOTA MOTOR MANUFACTURING INDONESIA, PT",011,1,119.21,4.8874,25.2
2020-01-24 08:00:00,Jakarta,0110025451,"TOYOTA MOTOR MANUFACTURING INDONESIA, PT",011,1,159.47,4.7726,24.72
2020-01-24 09:00:00,Jakarta,0110025451,"TOYOTA MOTOR MANUFACTURING INDONESIA, PT",011,1,152.15,4.7318,24.25
2020-01-24 10:00:00,Jakarta,0110025451,"TOYOTA MOTOR MANUFACTURING INDONESIA, PT",011,1,133.9,4.7815,24.06
2020-01-24 11:00:00,Jakarta,0110025451,"TOYOTA MOTOR MANUFACTURING INDONESIA, PT",011,1,110.33,4.7845,23.85
2020-01-24 12:00:00,Jakarta,0110025451,"TOYOTA MOTOR MANUFACTURING INDONESIA, PT",011,1,104.9,4.7733,23.93
2020-01-24 13:00:00,Jakarta,0110025451,"TOYOTA MOTOR MANUFACTURING INDONESIA, PT",011,1,91.98,4.7375,24.21
2020-01-24 14:00:00,Jakarta,0110025451,"TOYOTA MOTOR MANUFACTURING INDONESIA, PT",011,1,59.85,4.7844,24.56
2020-01-24 15:00:00,Jakarta,0110025451,"TOYOTA MOTOR MANUFACTURING INDONESIA, PT",011,1,91.05,4.7926,24.97
2020-01-24 16:00:00,Jakarta,0110025451,"TOYOTA MOTOR MANUFACTURING INDONESIA, PT",011,1,51.03,4.7394,24.95
2020-01-24 17:00:00,Jakarta,0110025451,"TOYOTA MOTOR MANUFACTURING INDONESIA, PT",011,1,0.0,4.9715,25.14
2020-01-24 18:00:00,Jakarta,0110025451,"TOYOTA MOTOR MANUFACTURING INDONESIA, PT",011,1,0.0,5.5283,25.87
2020-01-24 19:00:00,Jakarta,0110025451,"TOYOTA MOTOR MANUFACTURING INDONESIA, PT",011,1,0.0,5.6689,26.15
2020-01-24 20:00:00,Jakarta,0110025451,"TOYOTA MOTOR MANUFACTURING INDONESIA, PT",011,1,0.0,5.6564,26.26
2020-01-24 21:00:00,Jakarta,0110025451,"TOYOTA MOTOR MANUFACTURING INDONESIA, PT",011,1,0.0,5.6518,26.27
2020-01-24 22:00:00,Jakarta,0110025451,"TOYOTA MOTOR MANUFACTURING INDONESIA, PT",011,1,0.0,5.647,26.2
2020-01-24 23:00:00,Jakarta,0110025451,"TOYOTA MOTOR MANUFACTURING INDONESIA, PT",011,1,0.0,5.6436,26.11
2020-01-25 00:00:00,Jakarta,0110025451,"TOYOTA MOTOR MANUFACTURING INDONESIA, PT",011,1,0.0,5.6379,26.0
2020-01-25 01:00:00,Jakarta,0110025451,"TOYOTA MOTOR MANUFACTURING INDONESIA, PT",011,1,0.0,5.6323,25.82
2020-01-25 02:00:00,Jakarta,0110025451,"TOYOTA MOTOR MANUFACTURING INDONESIA, PT",011,1,0.0,5.6258,25.76
2020-01-25 03:00:00,Jakarta,0110025451,"TOYOTA MOTOR MANUFACTURING INDONESIA, PT",011,1,0.0,5.6218,25.75
2020-01-25 04:00:00,Jakarta,0110025451,"TOYOTA MOTOR MANUFACTURING INDONESIA, PT",011,1,0.0,5.6177,25.78
2020-01-25 05:00:00,Jakarta,0110025451,"TOYOTA MOTOR MANUFACTURING INDONESIA, PT",011,1,0.0,5.6136,25.8
2020-01-25 06:00:00,Jakarta,0110025451,"TOYOTA MOTOR MANUFACTURING INDONESIA, PT",011,1,0.0,5.6109,25.8
2020-01-25 07:00:00,Jakarta,0110025451,"TOYOTA MOTOR MANUFACTURING INDONESIA, PT",011,1,0.0,5.6092,25.83
2020-01-25 08:00:00,Jakarta,0110025451,"TOYOTA MOTOR MANUFACTURING INDONESIA, PT",011,1,0.0,5.6077,25.8
2020-01-25 09:00:00,Jakarta,0110025451,"TOYOTA MOTOR MANUFACTURING INDONESIA, PT",011,1,0.0,5.6134,25.88
2020-01-25 10:00:00,Jakarta,0110025451,"TOYOTA MOTOR MANUFACTURING INDONESIA, PT",011,1,0.0,5.6208,26.2
2020-01-25 11:00:00,Jakarta,0110025451,"TOYOTA MOTOR MANUFACTURING INDONESIA, PT",011,1,0.0,5.6174,26.71
2020-01-25 12:00:00,Jakarta,0110025451,"TOYOTA MOTOR MANUFACTURING INDONESIA, PT",011,1,0.0,5.6276,27.43
2020-01-25 13:00:00,Jakarta,0110025451,"TOYOTA MOTOR MANUFACTURING INDONESIA, PT",011,1,0.0,5.6241,28.46
2020-01-25 14:00:00,Jakarta,0110025451,"TOYOTA MOTOR MANUFACTURING INDONESIA, PT",011,1,0.0,5.6042,29.24
2020-01-25 15:00:00,Jakarta,0110025451,"TOYOTA MOTOR MANUFACTURING INDONESIA, PT",011,1,0.0,5.5944,29.71
2020-01-25 16:00:00,Jakarta,0110025451,"TOYOTA MOTOR MANUFACTURING INDONESIA, PT",011,1,0.0,5.5634,29.62
2020-01-25 17:00:00,Jakarta,0110025451,"TOYOTA MOTOR MANUFACTURING INDONESIA, PT",011,1,0.0,5.5682,29.19
2020-01-25 18:00:00,Jakarta,0110025451,"TOYOTA MOTOR MANUFACTURING INDONESIA, PT",011,1,0.0,5.561,28.76
2020-01-25 19:00:00,Jakarta,0110025451,"TOYOTA MOTOR MANUFACTURING INDONESIA, PT",011,1,0.0,5.5573,28.35
2020-01-25 20:00:00,Jakarta,0110025451,"TOYOTA MOTOR MANUFACTURING INDONESIA, PT",011,1,0.0,5.555,28.05
2020-01-25 21:00:00,Jakarta,0110025451,"TOYOTA MOTOR MANUFACTURING INDONESIA, PT",011,1,0.0,5.553,27.79
2020-01-25 22:00:00,Jakarta,0110025451,"TOYOTA MOTOR MANUFACTURING INDONESIA, PT",011,1,0.0,5.5494,27.59
2020-01-25 23:00:00,Jakarta,0110025451,"TOYOTA MOTOR MANUFACTURING INDONESIA, PT",011,1,0.0,5.5462,27.37
2020-01-26 00:00:00,Jakarta,0110025451,"TOYOTA MOTOR MANUFACTURING INDONESIA, PT",011,1,0.0,5.5456,27.2
2020-01-26 01:00:00,Jakarta,0110025451,"TOYOTA MOTOR MANUFACTURING INDONESIA, PT",011,1,0.0,5.5427,27.05
2020-01-26 02:00:00,Jakarta,0110025451,"TOYOTA MOTOR MANUFACTURING INDONESIA, PT",011,1,0.0,5.5402,26.88
2020-01-26 03:00:00,Jakarta,0110025451,"TOYOTA MOTOR MANUFACTURING INDONESIA, PT",011,1,0.0,5.5362,26.69
2020-01-26 04:00:00,Jakarta,0110025451,"TOYOTA MOTOR MANUFACTURING INDONESIA, PT",011,1,0.0,5.533,26.56
2020-01-26 05:00:00,Jakarta,0110025451,"TOYOTA MOTOR MANUFACTURING INDONESIA, PT",011,1,0.0,5.53,26.4
2020-01-26 06:00:00,Jakarta,0110025451,"TOYOTA MOTOR MANUFACTURING INDONESIA, PT",011,1,0.0,5.5298,26.29
2020-01-26 07:00:00,Jakarta,0110025451,"TOYOTA MOTOR MANUFACTURING INDONESIA, PT",011,1,0.0,5.531,26.21
2020-01-26 08:00:00,Jakarta,0110025451,"TOYOTA MOTOR MANUFACTURING INDONESIA, PT",011,1,0.0,5.5447,26.32
2020-01-26 09:00:00,Jakarta,0110025451,"TOYOTA MOTOR MANUFACTURING INDONESIA, PT",011,1,0.0,5.5624,26.81
2020-01-26 10:00:00,Jakarta,0110025451,"TOYOTA MOTOR MANUFACTURING INDONESIA, PT",011,1,0.0,5.5632,27.87
2020-01-26 11:00:00,Jakarta,0110025451,"TOYOTA MOTOR MANUFACTURING INDONESIA, PT",011,1,0.0,5.5343,29.03
2020-01-26 12:00:00,Jakarta,0110025451,"TOYOTA MOTOR MANUFACTURING INDONESIA, PT",011,1,0.0,5.5276,30.08
2020-01-26 13:00:00,Jakarta,0110025451,"TOYOTA MOTOR MANUFACTURING INDONESIA, PT",011,1,0.0,5.5043,30.78
2020-01-26 14:00:00,Jakarta,0110025451,"TOYOTA MOTOR MANUFACTURING INDONESIA, PT",011,1,0.0,5.4875,31.22
2020-01-26 15:00:00,Jakarta,0110025451,"TOYOTA MOTOR MANUFACTURING INDONESIA, PT",011,1,0.0,5.4724,31.54
2020-01-26 16:00:00,Jakarta,0110025451,"TOYOTA MOTOR MANUFACTURING INDONESIA, PT",011,1,0.0,5.4575,31.84
2020-01-26 17:00:00,Jakarta,0110025451,"TOYOTA MOTOR MANUFACTURING INDONESIA, PT",011,1,0.0,5.4336,31.9
2020-01-26 18:00:00,Jakarta,0110025451,"TOYOTA MOTOR MANUFACTURING INDONESIA, PT",011,1,0.0,5.4282,31.5
2020-01-26 19:00:00,Jakarta,0110025451,"TOYOTA MOTOR MANUFACTURING INDONESIA, PT",011,1,0.0,5.4232,30.92
2020-01-26 20:00:00,Jakarta,0110025451,"TOYOTA MOTOR MANUFACTURING INDONESIA, PT",011,1,0.0,5.4187,30.34
2020-01-26 21:00:00,Jakarta,0110025451,"TOYOTA MOTOR MANUFACTURING INDONESIA, PT",011,1,0.0,5.4204,29.87
2020-01-26 22:00:00,Jakarta,0110025451,"TOYOTA MOTOR MANUFACTURING INDONESIA, PT",011,1,0.0,5.4185,29.56
2020-01-26 23:00:00,Jakarta,0110025451,"TOYOTA MOTOR MANUFACTURING INDONESIA, PT",011,1,0.0,5.4212,29.24
2020-01-27 00:00:00,Jakarta,0110025451,"TOYOTA MOTOR MANUFACTURING INDONESIA, PT",011,1,0.0,5.4094,28.92
2020-01-27 01:00:00,Jakarta,0110025451,"TOYOTA MOTOR MANUFACTURING INDONESIA, PT",011,1,0.0,5.3985,28.59
2020-01-27 02:00:00,Jakarta,0110025451,"TOYOTA MOTOR MANUFACTURING INDONESIA, PT",011,1,0.0,5.396,28.28
2020-01-27 03:00:00,Jakarta,0110025451,"TOYOTA MOTOR MANUFACTURING INDONESIA, PT",011,1,0.0,5.3851,27.99
2020-01-27 04:00:00,Jakarta,0110025451,"TOYOTA MOTOR MANUFACTURING INDONESIA, PT",011,1,0.0,5.3823,27.69
2020-01-27 05:00:00,Jakarta,0110025451,"TOYOTA MOTOR MANUFACTURING INDONESIA, PT",011,1,0.0,5.3819,27.43
2020-01-27 06:00:00,Jakarta,0110025451,"TOYOTA MOTOR MANUFACTURING INDONESIA, PT",011,1,0.0,5.3767,27.22
2020-01-27 07:00:00,Jakarta,0110025451,"TOYOTA MOTOR MANUFACTURING INDONESIA, PT",011,1,31.71,5.3391,27.04
2020-01-27 08:00:00,Jakarta,0110025451,"TOYOTA MOTOR MANUFACTURING INDONESIA, PT",011,1,117.94,4.8772,27.0
2020-01-27 09:00:00,Jakarta,0110025451,"TOYOTA MOTOR MANUFACTURING INDONESIA, PT",011,1,127.04,4.7333,25.83
2020-01-27 10:00:00,Jakarta,0110025451,"TOYOTA MOTOR MANUFACTURING INDONESIA, PT",011,1,124.71,4.7444,26.18
2020-01-27 11:00:00,Jakarta,0110025451,"TOYOTA MOTOR MANUFACTURING INDONESIA, PT",011,1,94.73,4.6728,27.42
2020-01-27 12:00:00,Jakarta,0110025451,"TOYOTA MOTOR MANUFACTURING INDONESIA, PT",011,1,111.37,4.7644,28.04
2020-01-27 13:00:00,Jakarta,0110025451,"TOYOTA MOTOR MANUFACTURING INDONESIA, PT",011,1,103.57,4.6942,28.42
2020-01-27 14:00:00,Jakarta,0110025451,"TOYOTA MOTOR MANUFACTURING INDONESIA, PT",011,1,94.26,4.7485,28.89
2020-01-27 15:00:00,Jakarta,0110025451,"TOYOTA MOTOR MANUFACTURING INDONESIA, PT",011,1,107.06,4.7427,29.11
2020-01-27 16:00:00,Jakarta,0110025451,"TOYOTA MOTOR MANUFACTURING INDONESIA, PT",011,1,90.44,4.7008,28.6
2020-01-27 17:00:00,Jakarta,0110025451,"TOYOTA MOTOR MANUFACTURING INDONESIA, PT",011,1,67.61,4.7568,28.25
2020-01-27 18:00:00,Jakarta,0110025451,"TOYOTA MOTOR MANUFACTURING INDONESIA, PT",011,1,13.71,4.8203,28.33
2020-01-27 19:00:00,Jakarta,0110025451,"TOYOTA MOTOR MANUFACTURING INDONESIA, PT",011,1,0.0,5.3024,28.71
2020-01-27 20:00:00,Jakarta,0110025451,"TOYOTA MOTOR MANUFACTURING INDONESIA, PT",011,1,36.17,4.8999,29.01
2020-01-27 21:00:00,Jakarta,0110025451,"TOYOTA MOTOR MANUFACTURING INDONESIA, PT",011,1,126.99,4.8141,28.68
2020-01-27 22:00:00,Jakarta,0110025451,"TOYOTA MOTOR MANUFACTURING INDONESIA, PT",011,1,118.29,4.7521,26.68
2020-01-27 23:00:00,Jakarta,0110025451,"TOYOTA MOTOR MANUFACTURING INDONESIA, PT",011,1,118.79,4.7542,26.05
2020-01-28 00:00:00,Jakarta,0110025451,"TOYOTA MOTOR MANUFACTURING INDONESIA, PT",011,1,109.56,4.7725,25.75
2020-01-28 01:00:00,Jakarta,0110025451,"TOYOTA MOTOR MANUFACTURING INDONESIA, PT",011,1,124.1,4.7644,25.57
2020-01-28 02:00:00,Jakarta,0110025451,"TOYOTA MOTOR MANUFACTURING INDONESIA, PT",011,1,119.64,4.7852,25.28
2020-01-28 03:00:00,Jakarta,0110025451,"TOYOTA MOTOR MANUFACTURING INDONESIA, PT",011,1,124.09,4.7928,25.13
2020-01-28 04:00:00,Jakarta,0110025451,"TOYOTA MOTOR MANUFACTURING INDONESIA, PT",011,1,110.8,4.7867,25.05
2020-01-28 05:00:00,Jakarta,0110025451,"TOYOTA MOTOR MANUFACTURING INDONESIA, PT",011,1,100.81,4.8038,25.04
2020-01-28 06:00:00,Jakarta,0110025451,"TOYOTA MOTOR MANUFACTURING INDONESIA, PT",011,1,106.78,4.7728,25.04
2020-01-28 07:00:00,Jakarta,0110025451,"TOYOTA MOTOR MANUFACTURING INDONESIA, PT",011,1,113.66,4.8295,24.99
2020-01-28 08:00:00,Jakarta,0110025451,"TOYOTA MOTOR MANUFACTURING INDONESIA, PT",011,1,123.23,4.7443,25.29
2020-01-28 09:00:00,Jakarta,0110025451,"TOYOTA MOTOR MANUFACTURING INDONESIA, PT",011,1,122.52,4.7604,25.87
2020-01-28 10:00:00,Jakarta,0110025451,"TOYOTA MOTOR MANUFACTURING INDONESIA, PT",011,1,121.34,4.751,26.61
2020-01-28 11:00:00,Jakarta,0110025451,"TOYOTA MOTOR MANUFACTURING INDONESIA, PT",011,1,121.57,4.7095,27.06
2020-01-28 12:00:00,Jakarta,0110025451,"TOYOTA MOTOR MANUFACTURING INDONESIA, PT",011,1,113.12,4.7349,27.76
2020-01-28 13:00:00,Jakarta,0110025451,"TOYOTA MOTOR MANUFACTURING INDONESIA, PT",011,1,108.11,4.7673,28.45
2020-01-28 14:00:00,Jakarta,0110025451,"TOYOTA MOTOR MANUFACTURING INDONESIA, PT",011,1,85.49,4.7493,28.86
2020-01-28 15:00:00,Jakarta,0110025451,"TOYOTA MOTOR MANUFACTURING INDONESIA, PT",011,1,99.35,4.7716,29.27
2020-01-28 16:00:00,Jakarta,0110025451,"TOYOTA MOTOR MANUFACTURING INDONESIA, PT",011,1,55.01,4.7693,29.26
2020-01-28 17:00:00,Jakarta,0110025451,"TOYOTA MOTOR MANUFACTURING INDONESIA, PT",011,1,0.0,4.9876,29.32
2020-01-28 18:00:00,Jakarta,0110025451,"TOYOTA MOTOR MANUFACTURING INDONESIA, PT",011,1,0.0,5.6441,30.18
2020-01-28 19:00:00,Jakarta,0110025451,"TOYOTA MOTOR MANUFACTURING INDONESIA, PT",011,1,0.0,5.6646,30.24
2020-01-28 20:00:00,Jakarta,0110025451,"TOYOTA MOTOR MANUFACTURING INDONESIA, PT",011,1,35.92,4.9648,29.99
2020-01-28 21:00:00,Jakarta,0110025451,"TOYOTA MOTOR MANUFACTURING INDONESIA, PT",011,1,126.69,4.8126,29.49
2020-01-28 22:00:00,Jakarta,0110025451,"TOYOTA MOTOR MANUFACTURING INDONESIA, PT",011,1,114.6,4.7426,27.14
2020-01-28 23:00:00,Jakarta,0110025451,"TOYOTA MOTOR MANUFACTURING INDONESIA, PT",011,1,118.58,4.7936,26.42
2020-01-29 00:00:00,Jakarta,0110025451,"TOYOTA MOTOR MANUFACTURING INDONESIA, PT",011,1,114.71,4.7669,26.14
2020-01-29 01:00:00,Jakarta,0110025451,"TOYOTA MOTOR MANUFACTURING INDONESIA, PT",011,1,123.4,4.7921,25.97
2020-01-29 02:00:00,Jakarta,0110025451,"TOYOTA MOTOR MANUFACTURING INDONESIA, PT",011,1,118.64,4.7703,25.71
2020-01-29 03:00:00,Jakarta,0110025451,"TOYOTA MOTOR MANUFACTURING INDONESIA, PT",011,1,105.09,4.7612,25.57
2020-01-29 04:00:00,Jakarta,0110025451,"TOYOTA MOTOR MANUFACTURING INDONESIA, PT",011,1,92.48,4.7639,25.5
2020-01-29 05:00:00,Jakarta,0110025451,"TOYOTA MOTOR MANUFACTURING INDONESIA, PT",011,1,87.3,4.8139,25.49
2020-01-29 06:00:00,Jakarta,0110025451,"TOYOTA MOTOR MANUFACTURING INDONESIA, PT",011,1,18.55,4.8109,25.41
2020-01-29 07:00:00,Jakarta,0110025451,"TOYOTA MOTOR MANUFACTURING INDONESIA, PT",011,1,109.6,4.9223,25.9
2020-01-29 08:00:00,Jakarta,0110025451,"TOYOTA MOTOR MANUFACTURING INDONESIA, PT",011,1,119.24,4.7713,25.92
2020-01-29 09:00:00,Jakarta,0110025451,"TOYOTA MOTOR MANUFACTURING INDONESIA, PT",011,1,99.96,4.7968,26.29
2020-01-29 10:00:00,Jakarta,0110025451,"TOYOTA MOTOR MANUFACTURING INDONESIA, PT",011,1,112.86,4.7624,27.28
2020-01-29 11:00:00,Jakarta,0110025451,"TOYOTA MOTOR MANUFACTURING INDONESIA, PT",011,1,104.3,4.7505,28.1
2020-01-29 12:00:00,Jakarta,0110025451,"TOYOTA MOTOR MANUFACTURING INDONESIA, PT",011,1,107.31,4.777,28.86
2020-01-29 13:00:00,Jakarta,0110025451,"TOYOTA MOTOR MANUFACTURING INDONESIA, PT",011,1,116.58,4.7384,29.39
2020-01-29 14:00:00,Jakarta,0110025451,"TOYOTA MOTOR MANUFACTURING INDONESIA, PT",011,1,103.91,4.7409,29.54
2020-01-29 15:00:00,Jakarta,0110025451,"TOYOTA MOTOR MANUFACTURING INDONESIA, PT",011,1,85.73,4.7832,29.74
2020-01-29 16:00:00,Jakarta,0110025451,"TOYOTA MOTOR MANUFACTURING INDONESIA, PT",011,1,81.69,4.7715,29.74
2020-01-29 17:00:00,Jakarta,0110025451,"TOYOTA MOTOR MANUFACTURING INDONESIA, PT",011,1,41.29,4.8032,29.72
2020-01-29 18:00:00,Jakarta,0110025451,"TOYOTA MOTOR MANUFACTURING INDONESIA, PT",011,1,13.46,5.0704,29.57
2020-01-29 19:00:00,Jakarta,0110025451,"TOYOTA MOTOR MANUFACTURING INDONESIA, PT",011,1,40.88,5.04,29.94
2020-01-29 20:00:00,Jakarta,0110025451,"TOYOTA MOTOR MANUFACTURING INDONESIA, PT",011,1,72.6,4.8033,29.32
2020-01-29 21:00:00,Jakarta,0110025451,"TOYOTA MOTOR MANUFACTURING INDONESIA, PT",011,1,154.15,4.7871,28.43
2020-01-29 22:00:00,Jakarta,0110025451,"TOYOTA MOTOR MANUFACTURING INDONESIA, PT",011,1,136.58,4.7584,26.88
2020-01-29 23:00:00,Jakarta,0110025451,"TOYOTA MOTOR MANUFACTURING INDONESIA, PT",011,1,119.18,4.7597,26.34
2020-01-30 00:00:00,Jakarta,0110025451,"TOYOTA MOTOR MANUFACTURING INDONESIA, PT",011,1,110.82,4.7877,26.11
2020-01-30 01:00:00,Jakarta,0110025451,"TOYOTA MOTOR MANUFACTURING INDONESIA, PT",011,1,123.79,4.8176,25.65
2020-01-30 02:00:00,Jakarta,0110025451,"TOYOTA MOTOR MANUFACTURING INDONESIA, PT",011,1,115.31,4.7642,24.53
2020-01-30 03:00:00,Jakarta,0110025451,"TOYOTA MOTOR MANUFACTURING INDONESIA, PT",011,1,147.85,4.7808,23.74
2020-01-30 04:00:00,Jakarta,0110025451,"TOYOTA MOTOR MANUFACTURING INDONESIA, PT",011,1,129.58,4.7805,23.4
2020-01-30 05:00:00,Jakarta,0110025451,"TOYOTA MOTOR MANUFACTURING INDONESIA, PT",011,1,84.26,4.7953,23.45
2020-01-30 06:00:00,Jakarta,0110025451,"TOYOTA MOTOR MANUFACTURING INDONESIA, PT",011,1,18.44,4.8787,23.58
2020-01-30 07:00:00,Jakarta,0110025451,"TOYOTA MOTOR MANUFACTURING INDONESIA, PT",011,1,115.11,4.8762,23.97
2020-01-30 08:00:00,Jakarta,0110025451,"TOYOTA MOTOR MANUFACTURING INDONESIA, PT",011,1,132.56,4.7699,23.76
2020-01-30 09:00:00,Jakarta,0110025451,"TOYOTA MOTOR MANUFACTURING INDONESIA, PT",011,1,146.32,4.7506,24.47
2020-01-30 10:00:00,Jakarta,0110025451,"TOYOTA MOTOR MANUFACTURING INDONESIA, PT",011,1,155.15,4.7698,25.59
2020-01-30 11:00:00,Jakarta,0110025451,"TOYOTA MOTOR MANUFACTURING INDONESIA, PT",011,1,140.99,4.7738,26.53
2020-01-30 12:00:00,Jakarta,0110025451,"TOYOTA MOTOR MANUFACTURING INDONESIA, PT",011,1,122.54,4.7669,27.26
2020-01-30 13:00:00,Jakarta,0110025451,"TOYOTA MOTOR MANUFACTURING INDONESIA, PT",011,1,117.45,4.7795,28.1
2020-01-30 14:00:00,Jakarta,0110025451,"TOYOTA MOTOR MANUFACTURING INDONESIA, PT",011,1,99.92,4.7575,28.56
2020-01-30 15:00:00,Jakarta,0110025451,"TOYOTA MOTOR MANUFACTURING INDONESIA, PT",011,1,45.85,4.7852,28.6
2020-01-30 16:00:00,Jakarta,0110025451,"TOYOTA MOTOR MANUFACTURING INDONESIA, PT",011,1,22.74,5.0445,28.78
2020-01-30 17:00:00,Jakarta,0110025451,"TOYOTA MOTOR MANUFACTURING INDONESIA, PT",011,1,22.85,4.8933,29.42
2020-01-30 18:00:00,Jakarta,0110025451,"TOYOTA MOTOR MANUFACTURING INDONESIA, PT",011,1,0.0,4.824,29.19
2020-01-30 19:00:00,Jakarta,0110025451,"TOYOTA MOTOR MANUFACTURING INDONESIA, PT",011,1,4.65,5.4739,29.14
2020-01-30 20:00:00,Jakarta,0110025451,"TOYOTA MOTOR MANUFACTURING INDONESIA, PT",011,1,32.01,4.896,28.91
2020-01-30 21:00:00,Jakarta,0110025451,"TOYOTA MOTOR MANUFACTURING INDONESIA, PT",011,1,114.2,4.8423,28.33
2020-01-30 22:00:00,Jakarta,0110025451,"TOYOTA MOTOR MANUFACTURING INDONESIA, PT",011,1,114.23,4.784,26.58
2020-01-30 23:00:00,Jakarta,0110025451,"TOYOTA MOTOR MANUFACTURING INDONESIA, PT",011,1,105.13,4.7775,26.07
2020-01-31 00:00:00,Jakarta,0110025451,"TOYOTA MOTOR MANUFACTURING INDONESIA, PT",011,1,109.15,4.7746,25.89
2020-01-31 01:00:00,Jakarta,0110025451,"TOYOTA MOTOR MANUFACTURING INDONESIA, PT",011,1,113.6,4.7464,25.74
2020-01-31 02:00:00,Jakarta,0110025451,"TOYOTA MOTOR MANUFACTURING INDONESIA, PT",011,1,118.52,4.7515,25.49
2020-01-31 03:00:00,Jakarta,0110025451,"TOYOTA MOTOR MANUFACTURING INDONESIA, PT",011,1,105.37,4.7547,25.39
2020-01-31 04:00:00,Jakarta,0110025451,"TOYOTA MOTOR MANUFACTURING INDONESIA, PT",011,1,83.04,4.7763,25.36
2020-01-31 05:00:00,Jakarta,0110025451,"TOYOTA MOTOR MANUFACTURING INDONESIA, PT",011,1,95.65,4.809,25.38
2020-01-31 06:00:00,Jakarta,0110025451,"TOYOTA MOTOR MANUFACTURING INDONESIA, PT",011,1,9.19,4.7515,25.23
2020-01-31 07:00:00,Jakarta,0110025451,"TOYOTA MOTOR MANUFACTURING INDONESIA, PT",011,1,118.28,4.8075,25.7
2020-01-31 08:00:00,Jakarta,0110025451,"TOYOTA MOTOR MANUFACTURING INDONESIA, PT",011,1,154.68,4.7481,25.51
2020-01-31 09:00:00,Jakarta,0110025451,"TOYOTA MOTOR MANUFACTURING INDONESIA, PT",011,1,146.47,4.7454,25.54
2020-01-31 10:00:00,Jakarta,0110025451,"TOYOTA MOTOR MANUFACTURING INDONESIA, PT",011,1,136.76,4.7849,26.21
2020-01-31 11:00:00,Jakarta,0110025451,"TOYOTA MOTOR MANUFACTURING INDONESIA, PT",011,1,145.67,4.7708,26.5
2020-01-31 12:00:00,Jakarta,0110025451,"TOYOTA MOTOR MANUFACTURING INDONESIA, PT",011,1,138.19,4.7698,26.76
2020-01-31 13:00:00,Jakarta,0110025451,"TOYOTA MOTOR MANUFACTURING INDONESIA, PT",011,1,109.56,4.8201,26.69
2020-01-31 14:00:00,Jakarta,0110025451,"TOYOTA MOTOR MANUFACTURING INDONESIA, PT",011,1,118.13,4.7886,26.51
2020-01-31 15:00:00,Jakarta,0110025451,"TOYOTA MOTOR MANUFACTURING INDONESIA, PT",011,1,128.52,4.7629,26.77
2020-01-31 16:00:00,Jakarta,0110025451,"TOYOTA MOTOR MANUFACTURING INDONESIA, PT",011,1,32.52,4.8111,26.99
2020-01-31 17:00:00,Jakarta,0110025451,"TOYOTA MOTOR MANUFACTURING INDONESIA, PT",011,1,18.44,4.877,27.66
2020-01-31 18:00:00,Jakarta,0110025451,"TOYOTA MOTOR MANUFACTURING INDONESIA, PT",011,1,0.0,4.9254,28.19
2020-01-31 19:00:00,Jakarta,0110025451,"TOYOTA MOTOR MANUFACTURING INDONESIA, PT",011,1,4.48,5.603,28.54
2020-01-31 20:00:00,Jakarta,0110025451,"TOYOTA MOTOR MANUFACTURING INDONESIA, PT",011,1,31.94,4.87,28.52
2020-01-31 21:00:00,Jakarta,0110025451,"TOYOTA MOTOR MANUFACTURING INDONESIA, PT",011,1,127.01,4.8688,28.22
2020-01-31 22:00:00,Jakarta,0110025451,"TOYOTA MOTOR MANUFACTURING INDONESIA, PT",011,1,118.44,4.737,26.4
2020-01-31 23:00:00,Jakarta,0110025451,"TOYOTA MOTOR MANUFACTURING INDONESIA, PT",011,1,123.46,4.7652,25.84
2020-02-01 00:00:00,Jakarta,0110025451,"TOYOTA MOTOR MANUFACTURING INDONESIA, PT",011,1,110.34,4.7671,25.57
2020-02-01 01:00:00,Jakarta,0110025451,"TOYOTA MOTOR MANUFACTURING INDONESIA, PT",011,1,124.01,4.7958,25.37
2020-02-01 02:00:00,Jakarta,0110025451,"TOYOTA MOTOR MANUFACTURING INDONESIA, PT",011,1,119.55,4.7814,24.79
2020-02-01 03:00:00,Jakarta,0110025451,"TOYOTA MOTOR MANUFACTURING INDONESIA, PT",011,1,102.33,4.7674,24.0
2020-02-01 04:00:00,Jakarta,0110025451,"TOYOTA MOTOR MANUFACTURING INDONESIA, PT",011,1,88.43,4.8184,23.75
2020-02-01 05:00:00,Jakarta,0110025451,"TOYOTA MOTOR MANUFACTURING INDONESIA, PT",011,1,74.76,4.8186,23.67
2020-02-01 06:00:00,Jakarta,0110025451,"TOYOTA MOTOR MANUFACTURING INDONESIA, PT",011,1,0.0,4.8775,23.66
2020-02-01 07:00:00,Jakarta,0110025451,"TOYOTA MOTOR MANUFACTURING INDONESIA, PT",011,1,0.0,5.6229,24.3
2020-02-01 08:00:00,Jakarta,0110025451,"TOYOTA MOTOR MANUFACTURING INDONESIA, PT",011,1,0.0,5.6792,24.57
2020-02-01 09:00:00,Jakarta,0110025451,"TOYOTA MOTOR MANUFACTURING INDONESIA, PT",011,1,0.0,5.6738,24.66
2020-02-01 10:00:00,Jakarta,0110025451,"TOYOTA MOTOR MANUFACTURING INDONESIA, PT",011,1,0.0,5.6777,24.96
2020-02-01 11:00:00,Jakarta,0110025451,"TOYOTA MOTOR MANUFACTURING INDONESIA, PT",011,1,0.0,5.6693,25.77
2020-02-01 12:00:00,Jakarta,0110025451,"TOYOTA MOTOR MANUFACTURING INDONESIA, PT",011,1,0.0,5.6538,26.54
2020-02-01 13:00:00,Jakarta,0110025451,"TOYOTA MOTOR MANUFACTURING INDONESIA, PT",011,1,0.0,5.6515,26.9
2020-02-01 14:00:00,Jakarta,0110025451,"TOYOTA MOTOR MANUFACTURING INDONESIA, PT",011,1,0.0,5.6199,27.23
2020-02-01 15:00:00,Jakarta,0110025451,"TOYOTA MOTOR MANUFACTURING INDONESIA, PT",011,1,0.0,5.6092,26.9
2020-02-01 16:00:00,Jakarta,0110025451,"TOYOTA MOTOR MANUFACTURING INDONESIA, PT",011,1,0.0,5.6115,26.46
2020-02-01 17:00:00,Jakarta,0110025451,"TOYOTA MOTOR MANUFACTURING INDONESIA, PT",011,1,0.0,5.6149,26.32
2020-02-01 18:00:00,Jakarta,0110025451,"TOYOTA MOTOR MANUFACTURING INDONESIA, PT",011,1,0.0,5.6194,26.47
2020-02-01 19:00:00,Jakarta,0110025451,"TOYOTA MOTOR MANUFACTURING INDONESIA, PT",011,1,0.0,5.5939,26.6
2020-02-01 20:00:00,Jakarta,0110025451,"TOYOTA MOTOR MANUFACTURING INDONESIA, PT",011,1,0.0,5.5859,26.56
2020-02-01 21:00:00,Jakarta,0110025451,"TOYOTA MOTOR MANUFACTURING INDONESIA, PT",011,1,0.0,5.5828,26.45
2020-02-01 22:00:00,Jakarta,0110025451,"TOYOTA MOTOR MANUFACTURING INDONESIA, PT",011,1,0.0,5.5796,26.29
2020-02-01 23:00:00,Jakarta,0110025451,"TOYOTA MOTOR MANUFACTURING INDONESIA, PT",011,1,0.0,5.5785,26.1
